time;ax1;ay1;az1;ax2;ay2;az2;ax3;ay3;az3;ax4;ay4;az4;ax5;ay5;az5;ax6;ay6;az6
19.87030029296875;-0.237548828125;0.203369140625;1.10888671875;;;;;;;;;;;;;;;
19.8736572265625;-0.2392578125;-0.255615234375;0.89990234375;;;;;;;;;;;;;;;
19.87701416015625;0.4375;0.0703125;1.23779296875;;;;;;;;;;;;;;;
19.880401611328125;-0.074462890625;0.004638671875;0.850341796875;;;;;;;;;;;;;;;
19.8837890625;0.192138671875;0.34912109375;1.0126953125;;;;;;;;;;;;;;;
19.88720703125;-0.15380859375;0.301025390625;0.936767578125;;;;;;;;;;;;;;;
19.89068603515625;0.1669921875;0.2470703125;1.116943359375;;;;;;;;;;;;;;;
19.89410400390625;-0.2216796875;0.2548828125;1.104736328125;;;;;;;;;;;;;;;
19.8974609375;-0.2568359375;-0.337646484375;0.89453125;;;;;;;;;;;;;;;
19.900909423828125;-0.146484375;0.095947265625;1.0341796875;;;;;;;;;;;;;;;
19.90423583984375;-0.113037109375;0.0498046875;0.800537109375;;;;;;;;;;;;;;;
19.907623291015625;0.1015625;0.42041015625;1.197021484375;;;;;;;;;;;;;;;
19.91094970703125;-0.069580078125;0.24462890625;0.9931640625;;;;;;;;;;;;;;;
19.914398193359375;0.01416015625;0.1494140625;1.123779296875;;;;;;;;;;;;;;;
19.917877197265625;-0.360595703125;0.088134765625;0.8642578125;;;;;;;;;;;;;;;
19.921234130859375;0.114501953125;-0.163818359375;0.91015625;;;;;;;;;;;;;;;
19.924560546875;-0.029052734375;0.226806640625;1.29150390625;;;;;;;;;;;;;;;
19.92791748046875;0.082763671875;-0.125244140625;1.04443359375;;;;;;;;;;;;;;;
19.93133544921875;-0.27001953125;0.353759765625;1.12841796875;;;;;;;;;;;;;;;
19.9346923828125;-0.186767578125;-0.163818359375;0.758056640625;;;;;;;;;;;;;;;
19.938201904296875;-0.111083984375;0.328857421875;1.0068359375;;;;;;;;;;;;;;;
19.941497802734375;-0.091064453125;0.15576171875;0.958740234375;;;;;;;;;;;;;;;
19.944854736328125;0.303466796875;0.00048828125;1.111572265625;;;;;;;;;;;;;;;
19.948272705078125;-0.210693359375;0.24609375;1.066162109375;;;;;;;;;;;;;;;
19.95166015625;-0.099365234375;-0.14208984375;0.80029296875;;;;;;;;;;;;;;;
19.955047607421875;-0.086669921875;0.244873046875;1.06787109375;;;;;;;;;;;;;;;
19.9583740234375;-0.06982421875;-0.348876953125;0.95947265625;;;;;;;;;;;;;;;
19.961669921875;0.0361328125;0.21875;1.20751953125;;;;;;;;;;;;;;;
19.965057373046875;-0.009521484375;-0.032470703125;0.886474609375;;;;;;;;;;;;;;;
19.9683837890625;0.185302734375;0.3486328125;1.0068359375;;;;;;;;;;;;;;;
19.97174072265625;-0.314697265625;0.328125;0.885498046875;;;;;;;;;;;;;;;
19.97515869140625;0.169677734375;-0.085693359375;1.00830078125;;;;;;;;;;;;;;;
19.978515625;-0.003173828125;0.02490234375;1.15771484375;;;;;;;;;;;;;;;
19.981903076171875;0.1435546875;-0.490478515625;1.00244140625;;;;;;;;;;;;;;;
19.985260009765625;-0.05908203125;0.2822265625;0.971923828125;;;;;;;;;;;;;;;
19.988555908203125;-0.113037109375;-0.077392578125;0.796630859375;;;;;;;;;;;;;;;
19.991912841796875;-0.0087890625;0.410400390625;1.267333984375;;;;;;;;;;;;;;;
19.9952392578125;-0.17724609375;-0.00732421875;1.10400390625;;;;;;;;;;;;;;;
19.9986572265625;0.027099609375;-0.14208984375;1.09130859375;;;;;;;;;;;;;;;
20.002105712890625;-0.324951171875;0.07568359375;0.769775390625;;;;;;;;;;;;;;;
20.005462646484375;-0.0263671875;0.047607421875;0.833984375;;;;;;;;;;;;;;;
20.00885009765625;0.02734375;0.276123046875;1.158203125;;;;;;;;;;;;;;;
20.01220703125;0.159912109375;-0.196044921875;1.094482421875;;;;;;;;;;;;;;;
20.015533447265625;-0.027099609375;0.28173828125;1.180419921875;;;;;;;;;;;;;;;
20.01904296875;-0.415283203125;0.007080078125;0.73974609375;;;;;;;;;;;;;;;
20.022369384765625;0.21875;0.152587890625;0.96337890625;;;;;;;;;;;;;;;
20.0257568359375;-0.1455078125;0.1845703125;0.999267578125;;;;;;;;;;;;;;;
20.029205322265625;0.244140625;-0.140380859375;1.182373046875;;;;;;;;;;;;;;;
20.032562255859375;-0.243408203125;0.286376953125;1.0546875;;;;;;;;;;;;;;;
20.03594970703125;-0.0458984375;-0.150390625;0.818359375;;;;;;;;;;;;;;;
20.039306640625;-0.180908203125;0.27392578125;1.015380859375;;;;;;;;;;;;;;;
20.042694091796875;0.083740234375;-0.131103515625;0.93017578125;;;;;;;;;;;;;;;
20.046051025390625;0.466796875;0.2099609375;1.290283203125;;;;;;;;;;;;;;;
20.0494384765625;-0.1416015625;0.217041015625;0.936767578125;;;;;;;;;;;;;;;
20.05279541015625;0.002197265625;0.268310546875;0.904052734375;;;;;;;;;;;;;;;
20.05615234375;-0.236328125;0.078125;0.838134765625;;;;;;;;;;;;;;;
20.059539794921875;0.19677734375;-0.175537109375;1.083251953125;;;;;;;;;;;;;;;
20.062896728515625;0.045654296875;0.134765625;1.228271484375;;;;;;;;;;;;;;;
20.066253662109375;-0.093017578125;-0.07275390625;0.94287109375;;;;;;;;;;;;;;;
20.069580078125;-0.060302734375;0.2109375;1.02001953125;;;;;;;;;;;;;;;
20.073028564453125;-0.166259765625;0.1181640625;0.8330078125;;;;;;;;;;;;;;;
20.076446533203125;0.064697265625;0.28466796875;1.147705078125;;;;;;;;;;;;;;;
20.079833984375;-0.0849609375;0.173095703125;0.98486328125;;;;;;;;;;;;;;;
20.083221435546875;0.1806640625;0.059814453125;1.092041015625;;;;;;;;;;;;;;;
20.086669921875;-0.37939453125;0.04296875;0.849365234375;;;;;;;;;;;;;;;
20.089996337890625;0.3330078125;-0.15478515625;0.89892578125;;;;;;;;;;;;;;;
20.0933837890625;0.343994140625;0.362548828125;1.28173828125;;;;;;;;;;;;;;;
20.096710205078125;0.040283203125;-0.05078125;1.038818359375;;;;;;;;;;;;;;;
20.100067138671875;-0.228515625;0.404541015625;1.190673828125;;;;;;;;;;;;;;;
20.10345458984375;-0.372802734375;-0.250244140625;0.75390625;;;;;;;;;;;;;;;
20.10687255859375;0.02978515625;0.15771484375;0.97900390625;;;;;;;;;;;;;;;
20.110321044921875;-0.165283203125;0.01416015625;0.94140625;;;;;;;;;;;;;;;
20.113677978515625;0.148681640625;0.029296875;1.096923828125;;;;;;;;;;;;;;;
20.1170654296875;-0.048095703125;0.23681640625;1.10986328125;;;;;;;;;;;;;;;
20.120452880859375;-0.00830078125;-0.021728515625;0.87255859375;;;;;;;;;;;;;;;
20.123779296875;-0.10400390625;0.210205078125;1.052490234375;;;;;;;;;;;;;;;
20.12713623046875;-0.126220703125;-0.05712890625;0.935791015625;;;;;;;;;;;;;;;
20.130645751953125;0.0146484375;0.1904296875;1.198974609375;;;;;;;;;;;;;;;
20.134033203125;-0.24267578125;-0.1708984375;0.941162109375;;;;;;;;;;;;;;;
20.137420654296875;0.21875;-0.135009765625;1.02001953125;;;;;;;;;;;;;;;
20.140777587890625;-0.256591796875;0.267578125;1.004150390625;;;;;;;;;;;;;;;
20.144195556640625;-0.0595703125;0.169921875;0.96923828125;;;;;;;;;;;;;;;
20.147613525390625;0.04345703125;0.269287109375;1.19384765625;;;;;;;;;;;;;;;
20.150970458984375;0.087646484375;-0.406005859375;0.962158203125;;;;;;;;;;;;;;;
20.154327392578125;-0.082275390625;0.171875;0.971435546875;;;;;;;;;;;;;;;
20.157745361328125;-0.09814453125;-0.09326171875;0.778564453125;;;;;;;;;;;;;;;
20.161102294921875;-0.003662109375;0.300537109375;1.194580078125;;;;;;;;;;;;;;;
20.164459228515625;-0.110595703125;0.08056640625;1.1201171875;;;;;;;;;;;;;;;
20.167816162109375;0.04248046875;-0.064453125;1.1494140625;;;;;;;;;;;;;;;
20.171173095703125;-0.23193359375;0.063720703125;0.93701171875;;;;;;;;;;;;;;;
20.174530029296875;-0.025146484375;0.0595703125;0.83642578125;;;;;;;;;;;;;;;
20.17791748046875;0.040771484375;0.2421875;1.085205078125;;;;;;;;;;;;;;;
20.181365966796875;0.111572265625;-0.256103515625;1.0146484375;;;;;;;;;;;;;;;
20.18487548828125;0.0498046875;0.32275390625;1.2255859375;;;;;;;;;;;;;;;
20.188201904296875;-0.234130859375;0.037841796875;0.8251953125;;;;;;;;;;;;;;;
20.191558837890625;0.113525390625;0.09765625;0.955322265625;;;;;;;;;;;;;;;
20.194915771484375;-0.1845703125;0.097900390625;0.969482421875;;;;;;;;;;;;;;;
20.198333740234375;0.187255859375;-0.2060546875;1.174560546875;;;;;;;;;;;;;;;
20.2017822265625;-0.207275390625;0.385498046875;1.078369140625;;;;;;;;;;;;;;;
20.20513916015625;0.057373046875;-0.06005859375;0.851806640625;;;;;;;;;;;;;;;
20.208526611328125;-0.250244140625;0.379150390625;0.9873046875;;;;;;;;;;;;;;;
20.211944580078125;-0.372802734375;-0.240966796875;0.933837890625;;;;;;;;;;;;;;;
20.21533203125;0.23291015625;-0.1181640625;1.292724609375;;;;;;;;;;;;;;;
20.218658447265625;-0.04931640625;0.07275390625;0.980712890625;;;;;;;;;;;;;;;
20.2220458984375;0.218505859375;0.310791015625;0.9140625;;;;;;;;;;;;;;;
20.22552490234375;-0.205078125;0.389892578125;0.86474609375;;;;;;;;;;;;;;;
20.228973388671875;0.036376953125;-0.02294921875;1.0322265625;;;;;;;;;;;;;;;
20.23248291015625;-0.093017578125;0.102783203125;1.25537109375;;;;;;;;;;;;;;;
20.23583984375;0.04833984375;-0.279052734375;1.0087890625;;;;;;;;;;;;;;;
20.239288330078125;-0.124755859375;0.1298828125;1.03955078125;;;;;;;;;;;;;;;
20.242767333984375;-0.236083984375;-0.050537109375;0.801513671875;;;;;;;;;;;;;;;
20.24615478515625;-0.021484375;0.22705078125;1.107177734375;;;;;;;;;;;;;;;
20.249603271484375;-0.0703125;0.128173828125;1.0810546875;;;;;;;;;;;;;;;
20.25299072265625;0.12255859375;0.168212890625;1.13134765625;;;;;;;;;;;;;;;
20.25640869140625;-0.283203125;0.224609375;0.867431640625;;;;;;;;;;;;;;;
20.259735107421875;0.253173828125;-0.068115234375;0.76171875;;;;;;;;;;;;;;;
20.26312255859375;0.20263671875;0.26123046875;1.23828125;;;;;;;;;;;;;;;
20.2664794921875;-0.089111328125;-0.04736328125;1.0234375;;;;;;;;;;;;;;;
20.26983642578125;-0.093505859375;0.19140625;1.154541015625;;;;;;;;;;;;;;;
20.273162841796875;-0.304443359375;-0.24072265625;0.75830078125;;;;;;;;;;;;;;;
20.276611328125;0.1142578125;0.153076171875;0.9814453125;;;;;;;;;;;;;;;
20.280029296875;-0.218017578125;0.13427734375;1.060546875;;;;;;;;;;;;;;;
20.28338623046875;0.237548828125;0.190185546875;1.1123046875;;;;;;;;;;;;;;;
20.28680419921875;0.10546875;0.298828125;1.212890625;;;;;;;;;;;;;;;
20.2901611328125;-0.1806640625;-0.155029296875;0.79345703125;;;;;;;;;;;;;;;
20.293609619140625;-0.046142578125;0.104248046875;1.02294921875;;;;;;;;;;;;;;;
20.297027587890625;-0.17431640625;-0.10302734375;0.880126953125;;;;;;;;;;;;;;;
20.300384521484375;0.14794921875;0.2119140625;1.229248046875;;;;;;;;;;;;;;;
20.3038330078125;-0.219482421875;-0.113037109375;0.990966796875;;;;;;;;;;;;;;;
20.307281494140625;0.2626953125;0.094970703125;1.12158203125;;;;;;;;;;;;;;;
20.310638427734375;0.035888671875;0.251708984375;1.013916015625;;;;;;;;;;;;;;;
20.313995361328125;-0.198486328125;0.0849609375;0.951416015625;;;;;;;;;;;;;;;
20.317291259765625;-0.0673828125;0.045166015625;1.141845703125;;;;;;;;;;;;;;;
20.3206787109375;-0.0732421875;-0.3740234375;0.959228515625;;;;;;;;;;;;;;;
20.32403564453125;-0.0498046875;0.229736328125;1.024169921875;;;;;;;;;;;;;;;
20.327392578125;-0.12890625;-0.0947265625;0.7744140625;;;;;;;;;;;;;;;
20.33074951171875;0.315185546875;0.457763671875;1.18408203125;;;;;;;;;;;;;;;
20.3341064453125;-0.1376953125;0.281982421875;1.138916015625;;;;;;;;;;;;;;;
20.337493896484375;-0.11181640625;-0.024169921875;1.1630859375;;;;;;;;;;;;;;;
20.3409423828125;-0.267578125;-0.0576171875;0.96826171875;;;;;;;;;;;;;;;
20.344268798828125;-0.0029296875;-0.314453125;0.807861328125;;;;;;;;;;;;;;;
20.347686767578125;-0.06298828125;0.282958984375;1.109619140625;;;;;;;;;;;;;;;
20.35107421875;0.032958984375;-0.210205078125;1.031494140625;;;;;;;;;;;;;;;
20.354400634765625;-0.06689453125;0.314697265625;1.2666015625;;;;;;;;;;;;;;;
20.357879638671875;-0.13232421875;0.006591796875;0.871337890625;;;;;;;;;;;;;;;
20.361236572265625;0.068603515625;0.166015625;0.952392578125;;;;;;;;;;;;;;;
20.364654541015625;-0.122802734375;0.049072265625;0.916259765625;;;;;;;;;;;;;;;
20.368133544921875;0.1171875;-0.065185546875;1.0830078125;;;;;;;;;;;;;;;
20.37158203125;-0.064208984375;0.31591796875;1.120361328125;;;;;;;;;;;;;;;
20.37493896484375;0.030029296875;-0.240478515625;0.9248046875;;;;;;;;;;;;;;;
20.37835693359375;-0.280029296875;0.345458984375;1.067626953125;;;;;;;;;;;;;;;
20.381683349609375;-0.254150390625;-0.152587890625;0.93212890625;;;;;;;;;;;;;;;
20.3851318359375;0.055419921875;0.099365234375;1.279541015625;;;;;;;;;;;;;;;
20.388519287109375;-0.009521484375;-0.03515625;1.01220703125;;;;;;;;;;;;;;;
20.391845703125;0.1552734375;0.403076171875;0.934814453125;;;;;;;;;;;;;;;
20.395263671875;-0.206787109375;0.2880859375;0.794677734375;;;;;;;;;;;;;;;
20.398651123046875;0.02392578125;0.051513671875;0.93505859375;;;;;;;;;;;;;;;
20.40203857421875;-0.105224609375;0.13232421875;1.27490234375;;;;;;;;;;;;;;;
20.4053955078125;-0.014404296875;-0.243408203125;1.056640625;;;;;;;;;;;;;;;
20.40875244140625;-0.034423828125;0.131591796875;1.086181640625;;;;;;;;;;;;;;;
20.412139892578125;-0.219482421875;-0.069091796875;0.765625;;;;;;;;;;;;;;;
20.415496826171875;0.01953125;0.420166015625;1.07568359375;;;;;;;;;;;;;;;
20.418914794921875;-0.015380859375;0.1650390625;1.083984375;;;;;;;;;;;;;;;
20.422332763671875;0.074462890625;-0.134765625;1.137939453125;;;;;;;;;;;;;;;
20.4256591796875;-0.253173828125;0.1865234375;0.951904296875;;;;;;;;;;;;;;;
20.429046630859375;-0.17724609375;-0.150634765625;0.735595703125;;;;;;;;;;;;;;;
20.432464599609375;0.163818359375;0.266357421875;1.178955078125;;;;;;;;;;;;;;;
20.435882568359375;-0.169189453125;-0.087158203125;1.025146484375;;;;;;;;;;;;;;;
20.4393310546875;-0.001708984375;0.292236328125;1.182861328125;;;;;;;;;;;;;;;
20.442718505859375;-0.265625;0.0986328125;0.79638671875;;;;;;;;;;;;;;;
20.446075439453125;0.086669921875;0.2158203125;0.885009765625;;;;;;;;;;;;;;;
20.44940185546875;-0.17822265625;0.138427734375;0.975341796875;;;;;;;;;;;;;;;
20.452789306640625;0.3076171875;-0.13427734375;1.12109375;;;;;;;;;;;;;;;
20.456207275390625;-0.00048828125;0.26318359375;1.30615234375;;;;;;;;;;;;;;;
20.4595947265625;-0.177001953125;-0.204345703125;0.87646484375;;;;;;;;;;;;;;;
20.4630126953125;-0.18505859375;0.303466796875;0.98193359375;;;;;;;;;;;;;;;
20.46649169921875;-0.1240234375;-0.1728515625;0.861572265625;;;;;;;;;;;;;;;
20.46990966796875;0.102783203125;0.363037109375;1.193115234375;;;;;;;;;;;;;;;
20.4732666015625;-0.083251953125;0.127685546875;1.005859375;;;;;;;;;;;;;;;
20.47662353515625;0.13232421875;0.129638671875;0.927978515625;;;;;;;;;;;;;;;
20.47998046875;-0.093994140625;0.1669921875;0.984375;;;;;;;;;;;;;;;
20.4833984375;-0.204833984375;0.01318359375;0.90380859375;;;;;;;;;;;;;;;
20.4869384765625;0.011474609375;-0.010498046875;1.249267578125;;;;;;;;;;;;;;;
20.490234375;0.051025390625;-0.363037109375;1.003173828125;;;;;;;;;;;;;;;
20.493621826171875;-0.06005859375;0.294677734375;1.0849609375;;;;;;;;;;;;;;;
20.4970703125;-0.153564453125;-0.076171875;0.760009765625;;;;;;;;;;;;;;;
20.500457763671875;0.227783203125;0.496826171875;1.14501953125;;;;;;;;;;;;;;;
20.503936767578125;-0.369384765625;0.2685546875;1.0732421875;;;;;;;;;;;;;;;
20.507293701171875;-0.11328125;-0.119384765625;1.041748046875;;;;;;;;;;;;;;;
20.510711669921875;-0.301513671875;-0.068359375;1.0205078125;;;;;;;;;;;;;;;
20.514068603515625;0.067138671875;-0.390380859375;0.807373046875;;;;;;;;;;;;;;;
20.51751708984375;-0.045654296875;0.3603515625;1.08251953125;;;;;;;;;;;;;;;
20.520904541015625;-0.048828125;-0.110595703125;0.99462890625;;;;;;;;;;;;;;;
20.5242919921875;-0.00048828125;0.44189453125;1.2734375;;;;;;;;;;;;;;;
20.5277099609375;-0.25927734375;-0.078125;0.9169921875;;;;;;;;;;;;;;;
20.531158447265625;0.1328125;0.026123046875;0.947265625;;;;;;;;;;;;;;;
20.534576416015625;-0.212646484375;0.0390625;0.8662109375;;;;;;;;;;;;;;;
20.537933349609375;0.128662109375;0.080810546875;1.06982421875;;;;;;;;;;;;;;;
20.54132080078125;-0.076416015625;0.27294921875;1.14208984375;;;;;;;;;;;;;;;
20.544647216796875;0.159912109375;-0.223388671875;0.988525390625;;;;;;;;;;;;;;;
20.547943115234375;-0.02587890625;0.3349609375;1.040283203125;;;;;;;;;;;;;;;
20.55133056640625;-0.2802734375;0.0703125;0.861572265625;;;;;;;;;;;;;;;
20.5546875;0.06884765625;0.10498046875;1.170654296875;;;;;;;;;;;;;;;
20.55804443359375;-0.112060546875;0.063720703125;1.052978515625;;;;;;;;;;;;;;;
20.5614013671875;0.100830078125;0.020751953125;0.992919921875;;;;;;;;;;;;;;;
20.56475830078125;-0.167236328125;0.259033203125;0.925537109375;;;;;;;;;;;;;;;
20.568145751953125;0.021484375;-0.02392578125;0.895263671875;;;;;;;;;;;;;;;
20.571533203125;-0.0791015625;0.26904296875;1.214599609375;;;;;;;;;;;;;;;
20.574951171875;0.0498046875;-0.26025390625;1.037353515625;;;;;;;;;;;;;;;
20.578369140625;0.018798828125;0.23828125;1.1337890625;;;;;;;;;;;;;;;
20.581787109375;-0.20361328125;0.124755859375;0.790283203125;;;;;;;;;;;;;;;
20.585205078125;-0.089599609375;0.48583984375;0.93994140625;;;;;;;;;;;;;;;
20.588714599609375;-0.056884765625;0.08740234375;1.0576171875;;;;;;;;;;;;;;;
20.59210205078125;0.11279296875;-0.1884765625;1.1767578125;;;;;;;;;;;;;;;
20.5955810546875;-0.205322265625;0.132080078125;1.083740234375;;;;;;;;;;;;;;;
20.598907470703125;-0.135009765625;-0.16943359375;0.771728515625;;;;;;;;;;;;;;;
20.602294921875;-0.048095703125;0.30810546875;1.072509765625;;;;;;;;;;;;;;;
20.60565185546875;-0.029541015625;-0.043701171875;1.032958984375;;;;;;;;;;;;;;;
20.608978271484375;0.0771484375;0.281982421875;1.211181640625;;;;;;;;;;;;;;;
20.61236572265625;-0.197998046875;0.17724609375;0.86083984375;;;;;;;;;;;;;;;
20.61578369140625;0.09423828125;0.205322265625;0.89892578125;;;;;;;;;;;;;;;
20.619171142578125;-0.31396484375;0.0537109375;0.9306640625;;;;;;;;;;;;;;;
20.62255859375;0.38916015625;-0.1806640625;1.109130859375;;;;;;;;;;;;;;;
20.6259765625;0.350830078125;0.23876953125;1.32275390625;;;;;;;;;;;;;;;
20.62933349609375;-0.03369140625;-0.125732421875;0.90478515625;;;;;;;;;;;;;;;
20.632781982421875;-0.18603515625;0.31982421875;1.01708984375;;;;;;;;;;;;;;;
20.636138916015625;-0.35595703125;-0.070556640625;0.813232421875;;;;;;;;;;;;;;;
20.63946533203125;0.115478515625;0.1845703125;1.16162109375;;;;;;;;;;;;;;;
20.642852783203125;-0.05517578125;0.097900390625;1.060791015625;;;;;;;;;;;;;;;
20.646331787109375;0.12841796875;0.060791015625;0.978515625;;;;;;;;;;;;;;;
20.649658203125;-0.0634765625;0.183837890625;0.949951171875;;;;;;;;;;;;;;;
20.653045654296875;-0.111083984375;-0.0029296875;0.877685546875;;;;;;;;;;;;;;;
20.656341552734375;0.016357421875;0.14208984375;1.216552734375;;;;;;;;;;;;;;;
20.65972900390625;0.044677734375;-0.1171875;1.030517578125;;;;;;;;;;;;;;;
20.663177490234375;-0.070556640625;0.284423828125;1.06494140625;;;;;;;;;;;;;;;
20.666534423828125;-0.314208984375;-0.1162109375;0.732666015625;;;;;;;;;;;;;;;
20.669952392578125;0.326171875;0.1953125;1.12255859375;;;;;;;;;;;;;;;
20.67333984375;-0.379150390625;0.162353515625;1.265869140625;;;;;;;;;;;;;;;
20.676666259765625;-0.13330078125;-0.06298828125;1.065673828125;;;;;;;;;;;;;;;
20.680084228515625;-0.262939453125;0.087158203125;1.054443359375;;;;;;;;;;;;;;;
20.683502197265625;0.00390625;-0.3017578125;0.743896484375;;;;;;;;;;;;;;;
20.686859130859375;-0.037841796875;0.281005859375;1.036376953125;;;;;;;;;;;;;;;
20.690277099609375;-0.023681640625;-0.04736328125;0.966796875;;;;;;;;;;;;;;;
20.693695068359375;0.0439453125;0.3623046875;1.260009765625;;;;;;;;;;;;;;;
20.697113037109375;-0.07275390625;-0.089599609375;1.009765625;;;;;;;;;;;;;;;
20.700408935546875;0.005126953125;0.02734375;0.968505859375;;;;;;;;;;;;;;;
20.703765869140625;-0.2158203125;0.00634765625;1.017578125;;;;;;;;;;;;;;;
20.707122802734375;0.022216796875;0.116455078125;0.986083984375;;;;;;;;;;;;;;;
20.710479736328125;0.050537109375;0.189208984375;1.197021484375;;;;;;;;;;;;;;;
20.7138671875;-0.0927734375;-0.21826171875;0.901611328125;;;;;;;;;;;;;;;
20.717193603515625;-0.054931640625;0.31982421875;1.06005859375;;;;;;;;;;;;;;;
20.72052001953125;-0.38134765625;0.106689453125;0.81640625;;;;;;;;;;;;;;;
20.72393798828125;-0.021484375;0.17236328125;1.131103515625;;;;;;;;;;;;;;;
20.727294921875;-0.004638671875;-0.092529296875;1.068359375;;;;;;;;;;;;;;;
20.730682373046875;0.116943359375;-0.05615234375;1.0693359375;;;;;;;;;;;;;;;
20.734100341796875;-0.0654296875;0.2314453125;0.93115234375;;;;;;;;;;;;;;;
20.7374267578125;-0.020263671875;-0.1298828125;0.8896484375;;;;;;;;;;;;;;;
20.740814208984375;-0.1591796875;0.373779296875;1.15625;;;;;;;;;;;;;;;
20.744232177734375;-0.085693359375;-0.28076171875;1.081298828125;;;;;;;;;;;;;;;
20.747589111328125;-0.07666015625;0.072509765625;1.164794921875;;;;;;;;;;;;;;;
20.75103759765625;-0.095703125;-0.00390625;0.818359375;;;;;;;;;;;;;;;
20.754425048828125;0.13818359375;0.4697265625;0.941162109375;;;;;;;;;;;;;;;
20.757904052734375;-0.1044921875;0.28271484375;1.043212890625;;;;;;;;;;;;;;;
20.76129150390625;-0.001220703125;-0.17236328125;1.07373046875;;;;;;;;;;;;;;;
20.7646484375;-0.2265625;0.1845703125;1.13623046875;;;;;;;;;;;;;;;
20.767974853515625;-0.12744140625;-0.272216796875;0.803466796875;;;;;;;;;;;;;;;
20.7713623046875;-0.107666015625;0.275146484375;1.078125;;;;;;;;;;;;;;;
20.77471923828125;-0.00732421875;-0.01611328125;1.001953125;;;;;;;;;;;;;;;
20.778228759765625;-0.004150390625;0.291259765625;1.227294921875;;;;;;;;;;;;;;;
20.781585693359375;-0.122314453125;0.115234375;0.91796875;;;;;;;;;;;;;;;
20.784942626953125;0.110595703125;0.156005859375;0.916015625;;;;;;;;;;;;;;;
20.788360595703125;-0.244140625;0.184814453125;0.88330078125;;;;;;;;;;;;;;;
20.791778564453125;0.14892578125;-0.093505859375;1.013671875;;;;;;;;;;;;;;;
20.795074462890625;0.011962890625;0.220703125;1.281494140625;;;;;;;;;;;;;;;
20.798492431640625;-0.0595703125;-0.056640625;0.958251953125;;;;;;;;;;;;;;;
20.8018798828125;-0.117431640625;0.293701171875;0.971435546875;;;;;;;;;;;;;;;
20.80523681640625;-0.217529296875;-0.149169921875;0.77099609375;;;;;;;;;;;;;;;
20.808624267578125;0.03857421875;0.17333984375;1.14306640625;;;;;;;;;;;;;;;
20.81195068359375;-0.100341796875;0.048095703125;1.17138671875;;;;;;;;;;;;;;;
20.815399169921875;0.0048828125;0.109375;1.09033203125;;;;;;;;;;;;;;;
20.818695068359375;-0.289794921875;0.1845703125;0.891845703125;;;;;;;;;;;;;;;
20.822052001953125;-0.23486328125;-0.05029296875;0.83251953125;;;;;;;;;;;;;;;
20.825408935546875;0.0;0.2255859375;1.164794921875;;;;;;;;;;;;;;;
20.82879638671875;0.144775390625;-0.125732421875;1.07080078125;;;;;;;;;;;;;;;
20.83209228515625;0.152099609375;0.3779296875;1.12744140625;;;;;;;;;;;;;;;
20.835540771484375;-0.226806640625;-0.177490234375;0.788818359375;;;;;;;;;;;;;;;
20.838958740234375;0.108154296875;0.145751953125;1.07666015625;;;;;;;;;;;;;;;
20.842315673828125;-0.044921875;0.0888671875;1.15478515625;;;;;;;;;;;;;;;
20.845672607421875;0.000732421875;-0.243896484375;1.08056640625;;;;;;;;;;;;;;;
20.84906005859375;-0.068115234375;0.071533203125;1.10693359375;;;;;;;;;;;;;;;
20.85247802734375;-0.13330078125;-0.17333984375;0.781494140625;;;;;;;;;;;;;;;
20.855865478515625;-0.029296875;0.42236328125;1.0263671875;;;;;;;;;;;;;;;
20.859222412109375;-0.130859375;0.039306640625;0.908203125;;;;;;;;;;;;;;;
20.86260986328125;0.235107421875;0.211181640625;1.2861328125;;;;;;;;;;;;;;;
20.865997314453125;-0.14794921875;0.099853515625;1.029296875;;;;;;;;;;;;;;;
20.86932373046875;0.04638671875;-0.103271484375;0.80810546875;;;;;;;;;;;;;;;
20.87261962890625;-0.104248046875;0.119140625;0.97802734375;;;;;;;;;;;;;;;
20.8759765625;0.02685546875;-0.218017578125;0.99072265625;;;;;;;;;;;;;;;
20.87939453125;-0.139404296875;0.237060546875;1.251220703125;;;;;;;;;;;;;;;
20.8828125;-0.08154296875;-0.196533203125;0.913330078125;;;;;;;;;;;;;;;
20.88616943359375;-0.039306640625;0.347900390625;1.122802734375;;;;;;;;;;;;;;;
20.88958740234375;-0.50927734375;-0.029296875;0.927978515625;;;;;;;;;;;;;;;
20.892974853515625;-0.093505859375;0.1357421875;1.093505859375;;;;;;;;;;;;;;;
20.89642333984375;-0.071044921875;-0.102783203125;1.065185546875;;;;;;;;;;;;;;;
20.89984130859375;0.246337890625;0.036376953125;0.972900390625;;;;;;;;;;;;;;;
20.903228759765625;-0.1435546875;0.249755859375;0.9482421875;;;;;;;;;;;;;;;
20.906646728515625;0.036865234375;-0.068115234375;0.859375;;;;;;;;;;;;;;;
20.910003662109375;-0.290283203125;0.34912109375;1.27978515625;;;;;;;;;;;;;;;
20.913330078125;-0.192626953125;-0.30029296875;1.08251953125;;;;;;;;;;;;;;;
20.916717529296875;-0.126708984375;0.00341796875;1.21630859375;;;;;;;;;;;;;;;
20.920166015625;-0.09228515625;-0.0068359375;0.800537109375;;;;;;;;;;;;;;;
20.923553466796875;0.124267578125;0.435546875;0.899658203125;;;;;;;;;;;;;;;
20.92694091796875;-0.1572265625;0.2646484375;0.977783203125;;;;;;;;;;;;;;;
20.930267333984375;0.154296875;-0.1474609375;1.08154296875;;;;;;;;;;;;;;;
20.93365478515625;-0.18603515625;0.22998046875;1.15185546875;;;;;;;;;;;;;;;
20.93701171875;0.01904296875;-0.21923828125;0.870849609375;;;;;;;;;;;;;;;
20.940399169921875;0.076171875;0.228515625;1.06494140625;;;;;;;;;;;;;;;
20.94384765625;-0.175537109375;-0.0205078125;0.962646484375;;;;;;;;;;;;;;;
20.947174072265625;-0.04931640625;0.22216796875;1.215576171875;;;;;;;;;;;;;;;
20.95062255859375;-0.263916015625;0.1708984375;0.98291015625;;;;;;;;;;;;;;;
20.9541015625;0.11181640625;0.185546875;0.95068359375;;;;;;;;;;;;;;;
20.957427978515625;-0.232177734375;0.23193359375;0.87109375;;;;;;;;;;;;;;;
20.96087646484375;-0.033935546875;-0.060791015625;0.99169921875;;;;;;;;;;;;;;;
20.964263916015625;-0.091064453125;0.1484375;1.2509765625;;;;;;;;;;;;;;;
20.96771240234375;0.023193359375;-0.063720703125;0.984619140625;;;;;;;;;;;;;;;
20.9710693359375;0.03271484375;0.2822265625;0.981201171875;;;;;;;;;;;;;;;
20.974365234375;-0.230224609375;0.2158203125;0.761474609375;;;;;;;;;;;;;;;
20.97772216796875;-0.023681640625;0.11962890625;1.07470703125;;;;;;;;;;;;;;;
20.98114013671875;-0.11181640625;0.110107421875;1.1689453125;;;;;;;;;;;;;;;
20.984527587890625;0.05224609375;-0.224853515625;1.097900390625;;;;;;;;;;;;;;;
20.9879150390625;-0.194091796875;0.255615234375;1.00244140625;;;;;;;;;;;;;;;
20.991302490234375;-0.08984375;-0.079833984375;0.83251953125;;;;;;;;;;;;;;;
20.99468994140625;-0.138427734375;0.43212890625;1.138427734375;;;;;;;;;;;;;;;
20.998046875;0.012939453125;-0.2421875;1.0107421875;;;;;;;;;;;;;;;
21.00140380859375;-0.021240234375;0.269287109375;1.183349609375;;;;;;;;;;;;;;;
21.0047607421875;-0.208740234375;0.078857421875;0.796875;;;;;;;;;;;;;;;
21.008209228515625;0.14404296875;0.12646484375;0.865234375;;;;;;;;;;;;;;;
21.0115966796875;-0.003662109375;0.283447265625;1.134033203125;;;;;;;;;;;;;;;
21.01495361328125;-0.0751953125;-0.132568359375;1.069091796875;;;;;;;;;;;;;;;
21.018341064453125;-0.1806640625;0.197509765625;1.18505859375;;;;;;;;;;;;;;;
21.021697998046875;-0.142822265625;-0.37255859375;0.80029296875;;;;;;;;;;;;;;;
21.02508544921875;-0.11181640625;0.39013671875;1.00927734375;;;;;;;;;;;;;;;
21.0284423828125;-0.166015625;-0.098388671875;0.96142578125;;;;;;;;;;;;;;;
21.031768798828125;0.240478515625;0.280029296875;1.262451171875;;;;;;;;;;;;;;;
21.035186767578125;-0.1435546875;0.131591796875;1.10400390625;;;;;;;;;;;;;;;
21.03857421875;-0.05224609375;-0.024169921875;0.813232421875;;;;;;;;;;;;;;;
21.04193115234375;-0.124755859375;0.22412109375;0.963623046875;;;;;;;;;;;;;;;
21.04534912109375;-0.0556640625;-0.1474609375;0.926513671875;;;;;;;;;;;;;;;
21.048797607421875;0.001953125;0.17822265625;1.2490234375;;;;;;;;;;;;;;;
21.052154541015625;-0.041748046875;-0.377197265625;0.985595703125;;;;;;;;;;;;;;;
21.055511474609375;-0.07861328125;0.19873046875;1.1171875;;;;;;;;;;;;;;;
21.058929443359375;-0.282958984375;-0.005615234375;0.899658203125;;;;;;;;;;;;;;;
21.062286376953125;-0.105224609375;0.31884765625;1.02197265625;;;;;;;;;;;;;;;
21.065704345703125;-0.109375;0.081298828125;1.049560546875;;;;;;;;;;;;;;;
21.069122314453125;0.09619140625;0.010009765625;1.00537109375;;;;;;;;;;;;;;;
21.072479248046875;-0.15966796875;0.318115234375;1.0302734375;;;;;;;;;;;;;;;
21.075836181640625;-0.0537109375;-0.255615234375;0.824462890625;;;;;;;;;;;;;;;
21.079254150390625;0.002197265625;0.341064453125;1.22509765625;;;;;;;;;;;;;;;
21.082672119140625;-0.331787109375;-0.07421875;1.02490234375;;;;;;;;;;;;;;;
21.086090087890625;0.028076171875;0.09716796875;1.248779296875;;;;;;;;;;;;;;;
21.08953857421875;-0.22900390625;0.1474609375;0.85498046875;;;;;;;;;;;;;;;
21.092864990234375;0.118896484375;0.036865234375;0.88330078125;;;;;;;;;;;;;;;
21.096221923828125;-0.286865234375;0.353515625;1.11181640625;;;;;;;;;;;;;;;
21.0997314453125;0.108154296875;-0.173828125;1.08056640625;;;;;;;;;;;;;;;
21.103057861328125;-0.192626953125;0.434814453125;1.18603515625;;;;;;;;;;;;;;;
21.106475830078125;-0.048828125;-0.40087890625;0.846923828125;;;;;;;;;;;;;;;
21.109832763671875;-0.01806640625;0.1748046875;1.01318359375;;;;;;;;;;;;;;;
21.1131591796875;-0.192626953125;0.103759765625;0.89111328125;;;;;;;;;;;;;;;
21.116546630859375;0.077392578125;0.3125;1.116455078125;;;;;;;;;;;;;;;
21.11993408203125;-0.186279296875;0.234375;1.03466796875;;;;;;;;;;;;;;;
21.123321533203125;0.17333984375;-0.140869140625;1.0068359375;;;;;;;;;;;;;;;
21.126708984375;-0.375;0.20751953125;1.001708984375;;;;;;;;;;;;;;;
21.13006591796875;-0.21923828125;-0.22900390625;0.8828125;;;;;;;;;;;;;;;
21.1334228515625;0.167724609375;0.06201171875;1.27294921875;;;;;;;;;;;;;;;
21.136871337890625;0.10205078125;-0.041748046875;0.95654296875;;;;;;;;;;;;;;;
21.1402587890625;0.18115234375;0.33203125;1.042724609375;;;;;;;;;;;;;;;
21.14361572265625;-0.359130859375;0.2236328125;0.748046875;;;;;;;;;;;;;;;
21.14697265625;-0.021728515625;0.215576171875;1.033935546875;;;;;;;;;;;;;;;
21.15032958984375;-0.19140625;0.031494140625;1.11181640625;;;;;;;;;;;;;;;
21.153717041015625;0.181396484375;-0.330322265625;1.136474609375;;;;;;;;;;;;;;;
21.15704345703125;-0.2265625;0.193359375;1.053955078125;;;;;;;;;;;;;;;
21.160430908203125;-0.1171875;-0.039306640625;0.775634765625;;;;;;;;;;;;;;;
21.163818359375;-0.102783203125;0.436767578125;1.1025390625;;;;;;;;;;;;;;;
21.167144775390625;-0.10302734375;-0.146728515625;1.01220703125;;;;;;;;;;;;;;;
21.1705322265625;0.066650390625;0.068115234375;1.193115234375;;;;;;;;;;;;;;;
21.17388916015625;-0.21044921875;0.096923828125;0.846923828125;;;;;;;;;;;;;;;
21.177337646484375;0.09423828125;0.06396484375;0.8505859375;;;;;;;;;;;;;;;
21.1807861328125;-0.101806640625;0.33740234375;1.05029296875;;;;;;;;;;;;;;;
21.18414306640625;0.0009765625;-0.143310546875;1.06689453125;;;;;;;;;;;;;;;
21.187591552734375;-0.12060546875;0.141845703125;1.210205078125;;;;;;;;;;;;;;;
21.1910400390625;-0.06787109375;-0.12841796875;0.871826171875;;;;;;;;;;;;;;;
21.194427490234375;-0.1376953125;0.336181640625;0.975830078125;;;;;;;;;;;;;;;
21.19781494140625;-0.29248046875;0.020751953125;0.874755859375;;;;;;;;;;;;;;;
21.201263427734375;0.3076171875;0.0380859375;1.233154296875;;;;;;;;;;;;;;;
21.20465087890625;-0.05419921875;0.2265625;1.19140625;;;;;;;;;;;;;;;
21.20806884765625;-0.04541015625;-0.104248046875;0.888916015625;;;;;;;;;;;;;;;
21.21142578125;-0.199462890625;0.195068359375;0.954345703125;;;;;;;;;;;;;;;
21.21478271484375;-0.053955078125;-0.27294921875;0.88330078125;;;;;;;;;;;;;;;
21.21820068359375;-0.0166015625;0.2890625;1.232177734375;;;;;;;;;;;;;;;
21.2215576171875;0.001708984375;0.02294921875;1.005126953125;;;;;;;;;;;;;;;
21.22491455078125;-0.0791015625;0.2958984375;1.06591796875;;;;;;;;;;;;;;;
21.228363037109375;-0.292236328125;-0.061279296875;0.83447265625;;;;;;;;;;;;;;;
21.231719970703125;0.0927734375;0.03076171875;0.99560546875;;;;;;;;;;;;;;;
21.235076904296875;-0.089599609375;0.02001953125;1.204833984375;;;;;;;;;;;;;;;
21.238433837890625;0.166748046875;-0.072021484375;1.07470703125;;;;;;;;;;;;;;;
21.241790771484375;-0.237060546875;0.269287109375;1.0322265625;;;;;;;;;;;;;;;
21.24517822265625;0.02197265625;-0.179443359375;0.7392578125;;;;;;;;;;;;;;;
21.24853515625;-0.04345703125;0.3583984375;1.168701171875;;;;;;;;;;;;;;;
21.251953125;-0.29248046875;0.072998046875;0.985595703125;;;;;;;;;;;;;;;
21.255401611328125;0.0908203125;-0.00048828125;1.14599609375;;;;;;;;;;;;;;;
21.258819580078125;-0.2724609375;0.070556640625;0.91650390625;;;;;;;;;;;;;;;
21.262176513671875;0.163818359375;-0.07373046875;0.884765625;;;;;;;;;;;;;;;
21.265533447265625;-0.11767578125;0.30029296875;1.0517578125;;;;;;;;;;;;;;;
21.26885986328125;0.0439453125;-0.234375;1.029541015625;;;;;;;;;;;;;;;
21.27227783203125;-0.0224609375;0.3330078125;1.246337890625;;;;;;;;;;;;;;;
21.27569580078125;-0.26025390625;-0.255859375;0.865234375;;;;;;;;;;;;;;;
21.279083251953125;0.1357421875;0.109375;1.030029296875;;;;;;;;;;;;;;;
21.2825927734375;-0.22802734375;0.220458984375;0.8359375;;;;;;;;;;;;;;;
21.285980224609375;0.168701171875;0.20361328125;1.104248046875;;;;;;;;;;;;;;;
21.289398193359375;-0.11279296875;0.25732421875;1.0400390625;;;;;;;;;;;;;;;
21.29278564453125;0.114501953125;-0.246337890625;0.908447265625;;;;;;;;;;;;;;;
21.296142578125;-0.2978515625;0.213623046875;0.97900390625;;;;;;;;;;;;;;;
21.299591064453125;0.012939453125;-0.065673828125;0.815673828125;;;;;;;;;;;;;;;
21.30291748046875;0.293212890625;0.247314453125;1.31591796875;;;;;;;;;;;;;;;
21.306304931640625;-0.055419921875;-0.09375;0.975830078125;;;;;;;;;;;;;;;
21.309661865234375;0.098876953125;0.197998046875;1.134521484375;;;;;;;;;;;;;;;
21.313079833984375;-0.337158203125;0.115478515625;0.80908203125;;;;;;;;;;;;;;;
21.31640625;0.207275390625;0.269775390625;0.958740234375;;;;;;;;;;;;;;;
21.319732666015625;0.001708984375;0.14697265625;1.143798828125;;;;;;;;;;;;;;;
21.323150634765625;0.13818359375;-0.191650390625;0.98828125;;;;;;;;;;;;;;;
21.3265380859375;0.17138671875;0.255615234375;1.1552734375;;;;;;;;;;;;;;;
21.32989501953125;-0.189208984375;0.071044921875;0.781982421875;;;;;;;;;;;;;;;
21.333251953125;-0.07861328125;0.386474609375;1.03076171875;;;;;;;;;;;;;;;
21.336578369140625;-0.134765625;-0.233642578125;0.952880859375;;;;;;;;;;;;;;;
21.34002685546875;0.0634765625;0.08154296875;1.228271484375;;;;;;;;;;;;;;;
21.343353271484375;-0.35693359375;-0.03369140625;0.954345703125;;;;;;;;;;;;;;;
21.346710205078125;0.168212890625;0.20751953125;0.85205078125;;;;;;;;;;;;;;;
21.35009765625;-0.026123046875;0.3115234375;1.00732421875;;;;;;;;;;;;;;;
21.353485107421875;0.086181640625;0.089599609375;1.0224609375;;;;;;;;;;;;;;;
21.356903076171875;-0.12548828125;-0.062255859375;1.262451171875;;;;;;;;;;;;;;;
21.360260009765625;-0.12939453125;-0.144775390625;0.899169921875;;;;;;;;;;;;;;;
21.3636474609375;-0.007568359375;0.180419921875;0.9423828125;;;;;;;;;;;;;;;
21.36700439453125;-0.21435546875;0.027587890625;0.80419921875;;;;;;;;;;;;;;;
21.37042236328125;0.251708984375;0.092529296875;1.23974609375;;;;;;;;;;;;;;;
21.373779296875;0.09033203125;0.278076171875;1.202392578125;;;;;;;;;;;;;;;
21.37713623046875;-0.064453125;-0.0400390625;0.98583984375;;;;;;;;;;;;;;;
21.380523681640625;-0.248291015625;0.1162109375;0.908935546875;;;;;;;;;;;;;;;
21.383941650390625;-0.203125;-0.22412109375;0.81201171875;;;;;;;;;;;;;;;
21.387298583984375;0.031494140625;0.155029296875;1.173828125;;;;;;;;;;;;;;;
21.39068603515625;0.04248046875;-0.07421875;1.01416015625;;;;;;;;;;;;;;;
21.394012451171875;0.13916015625;0.316162109375;1.137451171875;;;;;;;;;;;;;;;
21.3973388671875;-0.283935546875;0.204833984375;0.8251953125;;;;;;;;;;;;;;;
21.40069580078125;0.111572265625;0.13037109375;0.8720703125;;;;;;;;;;;;;;;
21.40411376953125;0.013427734375;0.0576171875;1.167236328125;;;;;;;;;;;;;;;
21.407501220703125;0.177001953125;-0.35400390625;1.09375;;;;;;;;;;;;;;;
21.410919189453125;-0.160888671875;0.214111328125;1.059814453125;;;;;;;;;;;;;;;
21.41424560546875;-0.115966796875;-0.247802734375;0.751953125;;;;;;;;;;;;;;;
21.417572021484375;-0.05810546875;0.342041015625;1.1015625;;;;;;;;;;;;;;;
21.4208984375;-0.2265625;0.1005859375;1.105224609375;;;;;;;;;;;;;;;
21.424285888671875;0.00048828125;0.060546875;1.167724609375;;;;;;;;;;;;;;;
21.42779541015625;-0.12451171875;0.0458984375;0.975341796875;;;;;;;;;;;;;;;
21.431182861328125;0.1103515625;-0.01220703125;0.822265625;;;;;;;;;;;;;;;
21.434539794921875;-0.04541015625;0.32568359375;0.979736328125;;;;;;;;;;;;;;;
21.437957763671875;0.08935546875;-0.138671875;1.016845703125;;;;;;;;;;;;;;;
21.44134521484375;-0.118896484375;0.294921875;1.305908203125;;;;;;;;;;;;;;;
21.44482421875;-0.15380859375;-0.275146484375;0.9736328125;;;;;;;;;;;;;;;
21.44830322265625;-0.018310546875;0.058349609375;1.014404296875;;;;;;;;;;;;;;;
21.451690673828125;-0.0859375;0.122314453125;0.926025390625;;;;;;;;;;;;;;;
21.455078125;0.082275390625;0.381591796875;1.06787109375;;;;;;;;;;;;;;;
21.458526611328125;-0.046630859375;0.24658203125;1.070068359375;;;;;;;;;;;;;;;
21.46185302734375;0.0029296875;-0.198486328125;0.953369140625;;;;;;;;;;;;;;;
21.46527099609375;-0.22119140625;0.192626953125;0.993896484375;;;;;;;;;;;;;;;
21.4686279296875;-0.124267578125;-0.138671875;0.821044921875;;;;;;;;;;;;;;;
21.471923828125;0.225341796875;0.173828125;1.2392578125;;;;;;;;;;;;;;;
21.475311279296875;-0.008544921875;0.068115234375;1.048095703125;;;;;;;;;;;;;;;
21.47869873046875;0.03466796875;0.18212890625;1.150146484375;;;;;;;;;;;;;;;
21.482086181640625;-0.256591796875;0.192138671875;0.8154296875;;;;;;;;;;;;;;;
21.485504150390625;0.127685546875;-0.04248046875;0.92138671875;;;;;;;;;;;;;;;
21.488800048828125;-0.1748046875;0.252197265625;1.062255859375;;;;;;;;;;;;;;;
21.492156982421875;-0.141845703125;-0.265380859375;1.015380859375;;;;;;;;;;;;;;;
21.49560546875;0.052978515625;0.026611328125;1.205078125;;;;;;;;;;;;;;;
21.498992919921875;-0.101318359375;-0.058349609375;0.7802734375;;;;;;;;;;;;;;;
21.50238037109375;0.102294921875;0.367919921875;1.010009765625;;;;;;;;;;;;;;;
21.505828857421875;-0.23486328125;0.211669921875;0.927978515625;;;;;;;;;;;;;;;
21.50921630859375;0.079833984375;0.096923828125;1.157470703125;;;;;;;;;;;;;;;
21.512542724609375;-0.26220703125;0.103515625;1.019775390625;;;;;;;;;;;;;;;
21.515899658203125;0.135986328125;-0.242431640625;0.8818359375;;;;;;;;;;;;;;;
21.519317626953125;-0.07080078125;0.208251953125;1.10498046875;;;;;;;;;;;;;;;
21.522735595703125;-0.07958984375;-0.022705078125;0.986083984375;;;;;;;;;;;;;;;
21.52618408203125;-0.06689453125;0.185546875;1.2509765625;;;;;;;;;;;;;;;
21.529510498046875;-0.06298828125;-0.091796875;0.880859375;;;;;;;;;;;;;;;
21.532806396484375;0.073486328125;0.328857421875;0.968994140625;;;;;;;;;;;;;;;
21.5361328125;-0.229736328125;0.13818359375;0.78076171875;;;;;;;;;;;;;;;
21.539581298828125;0.26513671875;0.14111328125;1.033935546875;;;;;;;;;;;;;;;
21.542938232421875;0.246337890625;0.17724609375;1.293212890625;;;;;;;;;;;;;;;
21.54638671875;-0.253662109375;-0.104736328125;0.959228515625;;;;;;;;;;;;;;;
21.5496826171875;-0.19091796875;0.078857421875;1.01611328125;;;;;;;;;;;;;;;
21.553070068359375;-0.22509765625;-0.279296875;0.795166015625;;;;;;;;;;;;;;;
21.5565185546875;0.018310546875;0.26416015625;1.1552734375;;;;;;;;;;;;;;;
21.5599365234375;-0.0654296875;-0.119140625;1.065185546875;;;;;;;;;;;;;;;
21.563323974609375;0.072998046875;0.402099609375;1.180419921875;;;;;;;;;;;;;;;
21.566864013671875;-0.19482421875;0.217041015625;0.867431640625;;;;;;;;;;;;;;;
21.570281982421875;-0.112060546875;0.10546875;0.8076171875;;;;;;;;;;;;;;;
21.573638916015625;0.025634765625;0.0810546875;1.154052734375;;;;;;;;;;;;;;;
21.5770263671875;0.11572265625;-0.371826171875;1.08740234375;;;;;;;;;;;;;;;
21.58038330078125;-0.040771484375;0.25;1.16064453125;;;;;;;;;;;;;;;
21.583770751953125;-0.173828125;-0.13330078125;0.7763671875;;;;;;;;;;;;;;;
21.587188720703125;-0.015869140625;0.432373046875;1.064697265625;;;;;;;;;;;;;;;
21.590606689453125;-0.11865234375;0.096435546875;1.076171875;;;;;;;;;;;;;;;
21.593994140625;-0.031005859375;0.00244140625;1.16015625;;;;;;;;;;;;;;;
21.597412109375;-0.174560546875;0.0341796875;1.030517578125;;;;;;;;;;;;;;;
21.60076904296875;-0.062255859375;-0.055908203125;0.799072265625;;;;;;;;;;;;;;;
21.604156494140625;-0.131103515625;0.28759765625;0.9716796875;;;;;;;;;;;;;;;
21.6075439453125;0.040283203125;-0.1376953125;0.94921875;;;;;;;;;;;;;;;
21.6109619140625;0.034912109375;0.364501953125;1.31640625;;;;;;;;;;;;;;;
21.614349365234375;-0.042724609375;0.0224609375;1.010498046875;;;;;;;;;;;;;;;
21.617706298828125;-0.041015625;0.115966796875;0.908447265625;;;;;;;;;;;;;;;
21.62109375;-0.113525390625;0.108642578125;0.873291015625;;;;;;;;;;;;;;;
21.62445068359375;0.031982421875;0.00048828125;1.01904296875;;;;;;;;;;;;;;;
21.627838134765625;-0.091064453125;0.236572265625;1.20263671875;;;;;;;;;;;;;;;
21.631195068359375;0.1005859375;-0.196533203125;1.0107421875;;;;;;;;;;;;;;;
21.634521484375;-0.26123046875;0.302734375;1.001220703125;;;;;;;;;;;;;;;
21.637939453125;-0.090576171875;-0.184814453125;0.857421875;;;;;;;;;;;;;;;
21.641265869140625;0.015625;0.280517578125;1.1826171875;;;;;;;;;;;;;;;
21.6446533203125;0.007568359375;0.056396484375;1.041015625;;;;;;;;;;;;;;;
21.648040771484375;0.0126953125;0.251220703125;1.028564453125;;;;;;;;;;;;;;;
21.6514892578125;-0.22265625;0.200439453125;0.845458984375;;;;;;;;;;;;;;;
21.654937744140625;0.097900390625;-0.072021484375;0.9130859375;;;;;;;;;;;;;;;
21.658294677734375;-0.261474609375;0.219970703125;1.204345703125;;;;;;;;;;;;;;;
21.66168212890625;-0.048828125;-0.228271484375;1.08349609375;;;;;;;;;;;;;;;
21.6651611328125;-0.160888671875;0.11083984375;1.1796875;;;;;;;;;;;;;;;
21.668609619140625;0.028564453125;-0.1162109375;0.783203125;;;;;;;;;;;;;;;
21.67193603515625;0.107421875;0.4306640625;0.9482421875;;;;;;;;;;;;;;;
21.67529296875;-0.1962890625;0.31982421875;0.887939453125;;;;;;;;;;;;;;;
21.678680419921875;0.162841796875;0.104248046875;1.13232421875;;;;;;;;;;;;;;;
21.68206787109375;-0.23828125;0.090576171875;1.07275390625;;;;;;;;;;;;;;;
21.685455322265625;0.122802734375;-0.29736328125;0.92724609375;;;;;;;;;;;;;;;
21.6888427734375;-0.111328125;0.1943359375;1.034423828125;;;;;;;;;;;;;;;
21.69219970703125;-0.07177734375;-0.023681640625;0.94189453125;;;;;;;;;;;;;;;
21.69561767578125;0.026123046875;0.219970703125;1.2568359375;;;;;;;;;;;;;;;
21.698974609375;-0.24267578125;0.012939453125;0.903076171875;;;;;;;;;;;;;;;
21.70233154296875;0.115966796875;0.073486328125;1.005859375;;;;;;;;;;;;;;;
21.705718994140625;-0.26416015625;0.209228515625;0.75390625;;;;;;;;;;;;;;;
21.709075927734375;0.2021484375;0.114013671875;0.974853515625;;;;;;;;;;;;;;;
21.712493896484375;0.248291015625;0.166015625;1.28759765625;;;;;;;;;;;;;;;
21.715911865234375;-0.10546875;-0.189697265625;1.02001953125;;;;;;;;;;;;;;;
21.71929931640625;-0.024169921875;0.107177734375;1.066650390625;;;;;;;;;;;;;;;
21.722625732421875;-0.22900390625;0.0;0.73193359375;;;;;;;;;;;;;;;
21.72601318359375;-0.021728515625;0.401123046875;1.112060546875;;;;;;;;;;;;;;;
21.729461669921875;-0.10791015625;-0.01025390625;1.04052734375;;;;;;;;;;;;;;;
21.732818603515625;0.176513671875;0.02587890625;1.2216796875;;;;;;;;;;;;;;;
21.736114501953125;-0.149658203125;0.17431640625;0.995361328125;;;;;;;;;;;;;;;
21.739532470703125;-0.141357421875;-0.013916015625;0.799560546875;;;;;;;;;;;;;;;
21.742950439453125;-0.04931640625;0.210205078125;1.0712890625;;;;;;;;;;;;;;;
21.746368408203125;0.09814453125;-0.353271484375;1.027587890625;;;;;;;;;;;;;;;
21.749786376953125;-0.038818359375;0.273193359375;1.166748046875;;;;;;;;;;;;;;;
21.753173828125;-0.083984375;-0.078857421875;0.814697265625;;;;;;;;;;;;;;;
21.756561279296875;-0.070068359375;0.35986328125;1.016845703125;;;;;;;;;;;;;;;
21.759918212890625;-0.232666015625;0.140625;1.0625;;;;;;;;;;;;;;;
21.76348876953125;-0.119140625;0.01611328125;1.13720703125;;;;;;;;;;;;;;;
21.7669677734375;-0.0751953125;0.021484375;1.158447265625;;;;;;;;;;;;;;;
21.770416259765625;-0.0205078125;-0.1494140625;0.81982421875;;;;;;;;;;;;;;;
21.773834228515625;-0.041259765625;0.263916015625;0.947021484375;;;;;;;;;;;;;;;
21.777313232421875;0.014892578125;-0.17333984375;0.907470703125;;;;;;;;;;;;;;;
21.780670166015625;0.0888671875;0.439453125;1.293701171875;;;;;;;;;;;;;;;
21.784088134765625;-0.085205078125;0.189208984375;1.052978515625;;;;;;;;;;;;;;;
21.7874755859375;0.03466796875;0.090576171875;0.92578125;;;;;;;;;;;;;;;
21.79083251953125;-0.206298828125;-0.0419921875;0.83837890625;;;;;;;;;;;;;;;
21.794219970703125;0.133544921875;-0.054443359375;0.958984375;;;;;;;;;;;;;;;
21.79766845703125;0.101318359375;0.243896484375;1.226806640625;;;;;;;;;;;;;;;
21.801025390625;0.087646484375;-0.204345703125;1.044677734375;;;;;;;;;;;;;;;
21.804412841796875;-0.17724609375;0.361572265625;1.0498046875;;;;;;;;;;;;;;;
21.807769775390625;-0.29541015625;-0.191650390625;0.830078125;;;;;;;;;;;;;;;
21.8111572265625;0.10009765625;0.200439453125;1.14404296875;;;;;;;;;;;;;;;
21.81451416015625;-0.07275390625;-0.00537109375;1.020751953125;;;;;;;;;;;;;;;
21.817840576171875;0.17578125;0.3232421875;1.072509765625;;;;;;;;;;;;;;;
21.821258544921875;-0.251708984375;0.286376953125;0.8603515625;;;;;;;;;;;;;;;
21.824676513671875;0.124755859375;-0.07568359375;0.76904296875;;;;;;;;;;;;;;;
21.82806396484375;-0.134521484375;0.166015625;1.150634765625;;;;;;;;;;;;;;;
21.831451416015625;-0.013916015625;-0.161865234375;1.071044921875;;;;;;;;;;;;;;;
21.8348388671875;-0.049560546875;0.0439453125;1.209716796875;;;;;;;;;;;;;;;
21.83819580078125;-0.24462890625;-0.041259765625;0.81591796875;;;;;;;;;;;;;;;
21.841644287109375;0.069091796875;0.302978515625;0.972412109375;;;;;;;;;;;;;;;
21.845001220703125;-0.21875;0.298828125;0.984619140625;;;;;;;;;;;;;;;
21.848419189453125;0.203125;0.05810546875;1.152099609375;;;;;;;;;;;;;;;
21.85174560546875;-0.115234375;0.2412109375;1.116455078125;;;;;;;;;;;;;;;
21.855133056640625;0.105224609375;-0.331787109375;0.85205078125;;;;;;;;;;;;;;;
21.85845947265625;0.02978515625;0.220458984375;1.0361328125;;;;;;;;;;;;;;;
21.86187744140625;-0.24658203125;0.0791015625;0.88720703125;;;;;;;;;;;;;;;
21.865264892578125;-0.036865234375;0.244384765625;1.207275390625;;;;;;;;;;;;;;;
21.8687744140625;-0.1767578125;-0.127685546875;0.93359375;;;;;;;;;;;;;;;
21.872161865234375;0.11669921875;0.020751953125;1.063232421875;;;;;;;;;;;;;;;
21.8756103515625;-0.20166015625;0.094482421875;0.887451171875;;;;;;;;;;;;;;;
21.87896728515625;0.2509765625;0.174072265625;1.003173828125;;;;;;;;;;;;;;;
21.882293701171875;-0.101318359375;0.2548828125;1.236328125;;;;;;;;;;;;;;;
21.88568115234375;-0.135009765625;-0.18017578125;1.003662109375;;;;;;;;;;;;;;;
21.889068603515625;-0.17236328125;0.069091796875;1.087646484375;;;;;;;;;;;;;;;
21.892425537109375;-0.141845703125;-0.105224609375;0.75732421875;;;;;;;;;;;;;;;
21.895843505859375;0.210693359375;0.41357421875;1.073974609375;;;;;;;;;;;;;;;
21.899139404296875;-0.076171875;-0.025634765625;1.08251953125;;;;;;;;;;;;;;;
21.9024658203125;0.040771484375;0.0263671875;1.211181640625;;;;;;;;;;;;;;;
21.905853271484375;-0.070556640625;0.188720703125;1.046142578125;;;;;;;;;;;;;;;
21.9091796875;-0.184814453125;-0.078125;0.783935546875;;;;;;;;;;;;;;;
21.91259765625;-0.072021484375;0.1904296875;1.039306640625;;;;;;;;;;;;;;;
21.915985107421875;-0.0126953125;-0.346435546875;1.009521484375;;;;;;;;;;;;;;;
21.91937255859375;-0.034912109375;0.244873046875;1.211669921875;;;;;;;;;;;;;;;
21.922821044921875;-0.10107421875;-0.10302734375;0.828369140625;;;;;;;;;;;;;;;
21.9261474609375;0.37255859375;0.421142578125;1.006103515625;;;;;;;;;;;;;;;
21.92962646484375;-0.35400390625;0.342529296875;0.997314453125;;;;;;;;;;;;;;;
21.933013916015625;-0.06787109375;-0.028564453125;1.051513671875;;;;;;;;;;;;;;;
21.9364013671875;-0.2685546875;-0.091064453125;1.19970703125;;;;;;;;;;;;;;;
21.9398193359375;0.02099609375;-0.43505859375;0.899169921875;;;;;;;;;;;;;;;
21.9432373046875;-0.110595703125;0.224365234375;0.96240234375;;;;;;;;;;;;;;;
21.946624755859375;-0.100830078125;-0.049560546875;0.8583984375;;;;;;;;;;;;;;;
21.950103759765625;0.100830078125;0.36865234375;1.287841796875;;;;;;;;;;;;;;;
21.95343017578125;-0.113525390625;0.12548828125;1.104248046875;;;;;;;;;;;;;;;
21.956787109375;0.009765625;-0.043701171875;1.00244140625;;;;;;;;;;;;;;;
21.960174560546875;-0.271728515625;0.00439453125;0.818115234375;;;;;;;;;;;;;;;
21.963531494140625;0.064208984375;-0.00244140625;0.89111328125;;;;;;;;;;;;;;;
21.9669189453125;-0.002197265625;0.2001953125;1.1748046875;;;;;;;;;;;;;;;
21.97027587890625;0.153564453125;-0.209228515625;1.089599609375;;;;;;;;;;;;;;;
21.973663330078125;-0.224609375;0.384521484375;1.110107421875;;;;;;;;;;;;;;;
21.977081298828125;-0.251953125;-0.192626953125;0.810791015625;;;;;;;;;;;;;;;
21.980438232421875;0.1005859375;0.231201171875;1.129150390625;;;;;;;;;;;;;;;
21.98382568359375;-0.181640625;0.043212890625;1.138916015625;;;;;;;;;;;;;;;
21.987335205078125;0.02880859375;0.197998046875;1.065185546875;;;;;;;;;;;;;;;
21.990692138671875;-0.177978515625;0.182861328125;0.939697265625;;;;;;;;;;;;;;;
21.994110107421875;0.0361328125;-0.116943359375;0.807373046875;;;;;;;;;;;;;;;
21.997528076171875;-0.166015625;0.2529296875;1.09326171875;;;;;;;;;;;;;;;
22.0009765625;-0.11767578125;-0.0947265625;1.0244140625;;;;;;;;;;;;;;;
22.00433349609375;0.02294921875;0.065185546875;1.237548828125;;;;;;;;;;;;;;;
22.007720947265625;-0.13134765625;-0.094970703125;0.873046875;;;;;;;;;;;;;;;
22.0111083984375;0.06298828125;0.280517578125;0.95703125;;;;;;;;;;;;;;;
22.01446533203125;-0.000732421875;0.2998046875;0.97509765625;;;;;;;;;;;;;;;
22.017852783203125;0.00390625;0.0986328125;1.118408203125;;;;;;;;;;;;;;;
22.021209716796875;-0.12890625;0.1826171875;1.160888671875;;;;;;;;;;;;;;;
22.024627685546875;-0.24267578125;-0.3310546875;0.88623046875;;;;;;;;;;;;;;;
22.02801513671875;-0.03662109375;0.060791015625;1.002197265625;;;;;;;;;;;;;;;
22.03143310546875;-0.05615234375;0.07666015625;0.86083984375;;;;;;;;;;;;;;;
22.034820556640625;0.166015625;0.445068359375;1.191162109375;;;;;;;;;;;;;;;
22.038116455078125;-0.1083984375;0.37548828125;0.98828125;;;;;;;;;;;;;;;
22.041534423828125;-0.070556640625;-0.002685546875;1.087890625;;;;;;;;;;;;;;;
22.044891357421875;-0.30126953125;-0.045166015625;0.86572265625;;;;;;;;;;;;;;;
22.048248291015625;0.295654296875;-0.2041015625;0.942138671875;;;;;;;;;;;;;;;
22.051605224609375;-0.16064453125;0.248046875;1.37109375;;;;;;;;;;;;;;;
22.054962158203125;-0.08447265625;-0.0966796875;1.010009765625;;;;;;;;;;;;;;;
22.058349609375;-0.20556640625;0.29248046875;1.1728515625;;;;;;;;;;;;;;;
22.061737060546875;-0.2294921875;-0.10595703125;0.733642578125;;;;;;;;;;;;;;;
22.06512451171875;0.1767578125;0.375244140625;1.044189453125;;;;;;;;;;;;;;;
22.068603515625;-0.1279296875;0.05810546875;1.063232421875;;;;;;;;;;;;;;;
22.071990966796875;0.07861328125;0.097900390625;1.01611328125;;;;;;;;;;;;;;;
22.075347900390625;0.069091796875;0.152099609375;1.13916015625;;;;;;;;;;;;;;;
22.0787353515625;-0.247314453125;-0.08056640625;0.787841796875;;;;;;;;;;;;;;;
22.08209228515625;-0.115478515625;0.216552734375;1.07666015625;;;;;;;;;;;;;;;
22.085479736328125;-0.047119140625;-0.31298828125;0.997314453125;;;;;;;;;;;;;;;
22.08892822265625;-0.0283203125;0.240966796875;1.230712890625;;;;;;;;;;;;;;;
22.09228515625;-0.06005859375;-0.044189453125;0.865478515625;;;;;;;;;;;;;;;
22.09576416015625;0.259521484375;0.3642578125;1.034423828125;;;;;;;;;;;;;;;
22.099090576171875;-0.485595703125;0.23876953125;0.925537109375;;;;;;;;;;;;;;;
22.1024169921875;-0.0478515625;-0.024169921875;1.016845703125;;;;;;;;;;;;;;;
22.10577392578125;-0.18017578125;-0.046875;1.20654296875;;;;;;;;;;;;;;;
22.109222412109375;0.10009765625;-0.4091796875;0.957763671875;;;;;;;;;;;;;;;
22.112548828125;0.03125;0.28955078125;0.98291015625;;;;;;;;;;;;;;;
22.115936279296875;-0.252197265625;-0.063232421875;0.831787109375;;;;;;;;;;;;;;;
22.119354248046875;0.019287109375;0.45166015625;1.262451171875;;;;;;;;;;;;;;;
22.122711181640625;-0.0556640625;0.005126953125;1.19189453125;;;;;;;;;;;;;;;
22.12603759765625;-0.187255859375;-0.042236328125;1.011962890625;;;;;;;;;;;;;;;
22.129425048828125;-0.224609375;-0.041748046875;0.81005859375;;;;;;;;;;;;;;;
22.132843017578125;-0.029296875;0.028564453125;0.861328125;;;;;;;;;;;;;;;
22.13623046875;-0.045654296875;0.245361328125;1.183837890625;;;;;;;;;;;;;;;
22.1396484375;0.090576171875;-0.20458984375;1.079345703125;;;;;;;;;;;;;;;
22.143096923828125;-0.03955078125;0.412353515625;1.151611328125;;;;;;;;;;;;;;;
22.14642333984375;-0.240478515625;0.103515625;0.81005859375;;;;;;;;;;;;;;;
22.149810791015625;-0.00390625;0.18408203125;1.086181640625;;;;;;;;;;;;;;;
22.1531982421875;-0.039306640625;0.0380859375;1.068115234375;;;;;;;;;;;;;;;
22.156585693359375;0.12255859375;-0.21435546875;1.1328125;;;;;;;;;;;;;;;
22.15997314453125;-0.2392578125;0.2734375;1.0556640625;;;;;;;;;;;;;;;
22.16339111328125;-0.025390625;-0.12548828125;0.813232421875;;;;;;;;;;;;;;;
22.166839599609375;-0.23681640625;0.459716796875;1.045654296875;;;;;;;;;;;;;;;
22.1702880859375;-0.101318359375;-0.1337890625;1.048828125;;;;;;;;;;;;;;;
22.1737060546875;0.0146484375;0.044677734375;1.262451171875;;;;;;;;;;;;;;;
22.177032470703125;-0.0634765625;-0.0458984375;0.90283203125;;;;;;;;;;;;;;;
22.180419921875;0.044921875;0.340576171875;0.85546875;;;;;;;;;;;;;;;
22.18377685546875;-0.11181640625;0.31396484375;0.89404296875;;;;;;;;;;;;;;;
22.187225341796875;0.09228515625;-0.072021484375;1.103759765625;;;;;;;;;;;;;;;
22.190521240234375;-0.127685546875;0.122314453125;1.291748046875;;;;;;;;;;;;;;;
22.19384765625;-0.11669921875;-0.283935546875;0.933837890625;;;;;;;;;;;;;;;
22.197174072265625;-0.129150390625;0.087646484375;1.001220703125;;;;;;;;;;;;;;;
22.20050048828125;-0.08154296875;0.09765625;0.8466796875;;;;;;;;;;;;;;;
22.203857421875;0.046142578125;0.401611328125;1.153564453125;;;;;;;;;;;;;;;
22.207275390625;-0.08935546875;0.229736328125;0.99365234375;;;;;;;;;;;;;;;
22.21063232421875;0.0205078125;0.055419921875;1.035400390625;;;;;;;;;;;;;;;
22.21405029296875;-0.272705078125;0.049072265625;0.880615234375;;;;;;;;;;;;;;;
22.21746826171875;0.09765625;-0.158447265625;0.90576171875;;;;;;;;;;;;;;;
22.22088623046875;0.04736328125;0.281005859375;1.26416015625;;;;;;;;;;;;;;;
22.2242431640625;0.032470703125;-0.121337890625;1.039306640625;;;;;;;;;;;;;;;
22.227569580078125;-0.1318359375;0.285888671875;1.158447265625;;;;;;;;;;;;;;;
22.230926513671875;-0.265869140625;-0.05517578125;0.73876953125;;;;;;;;;;;;;;;
22.234405517578125;0.087158203125;0.365478515625;0.9931640625;;;;;;;;;;;;;;;
22.237823486328125;-0.163818359375;0.15087890625;0.99072265625;;;;;;;;;;;;;;;
22.241180419921875;0.036865234375;0.006591796875;1.123779296875;;;;;;;;;;;;;;;
22.24462890625;-0.22802734375;0.148681640625;1.103759765625;;;;;;;;;;;;;;;
22.248016357421875;-0.010986328125;-0.155029296875;0.7978515625;;;;;;;;;;;;;;;
22.251434326171875;-0.024169921875;0.29296875;1.042724609375;;;;;;;;;;;;;;;
22.254791259765625;-0.072509765625;0.013916015625;0.948486328125;;;;;;;;;;;;;;;
22.2581787109375;0.010009765625;0.3349609375;1.208740234375;;;;;;;;;;;;;;;
22.26153564453125;-0.2109375;-0.03466796875;0.942138671875;;;;;;;;;;;;;;;
22.264862060546875;0.1923828125;0.025390625;1.01708984375;;;;;;;;;;;;;;;
22.26824951171875;-0.284423828125;0.209716796875;1.051025390625;;;;;;;;;;;;;;;
22.27166748046875;-0.0927734375;-0.008056640625;0.970703125;;;;;;;;;;;;;;;
22.27496337890625;0.0048828125;0.10302734375;1.217529296875;;;;;;;;;;;;;;;
22.27838134765625;0.119873046875;-0.258544921875;0.88330078125;;;;;;;;;;;;;;;
22.281707763671875;0.015869140625;0.333251953125;0.980712890625;;;;;;;;;;;;;;;
22.285247802734375;-0.159912109375;0.12060546875;0.77490234375;;;;;;;;;;;;;;;
22.288665771484375;-0.01611328125;0.378173828125;1.219482421875;;;;;;;;;;;;;;;
22.29205322265625;-0.279296875;-0.0927734375;1.170654296875;;;;;;;;;;;;;;;
22.29541015625;-0.041015625;-0.20263671875;1.057861328125;;;;;;;;;;;;;;;
22.298828125;-0.209716796875;0.0244140625;0.98388671875;;;;;;;;;;;;;;;
22.302215576171875;-0.034423828125;0.109619140625;0.828369140625;;;;;;;;;;;;;;;
22.305694580078125;-0.07080078125;0.327392578125;1.104736328125;;;;;;;;;;;;;;;
22.30908203125;0.10009765625;-0.183349609375;1.0166015625;;;;;;;;;;;;;;;
22.31256103515625;0.017822265625;0.311767578125;1.221923828125;;;;;;;;;;;;;;;
22.315948486328125;-0.297119140625;0.05712890625;0.849609375;;;;;;;;;;;;;;;
22.3193359375;0.0615234375;0.046630859375;0.9267578125;;;;;;;;;;;;;;;
22.32275390625;-0.128173828125;0.121337890625;1.010986328125;;;;;;;;;;;;;;;
22.32611083984375;0.1923828125;-0.222412109375;1.134765625;;;;;;;;;;;;;;;
22.329559326171875;-0.139892578125;0.3388671875;1.08984375;;;;;;;;;;;;;;;
22.333038330078125;0.013427734375;-0.099365234375;0.8515625;;;;;;;;;;;;;;;
22.33648681640625;-0.245361328125;0.44140625;0.998046875;;;;;;;;;;;;;;;
22.33978271484375;-0.34130859375;-0.197509765625;1.00634765625;;;;;;;;;;;;;;;
22.3431396484375;0.1005859375;0.00830078125;1.255615234375;;;;;;;;;;;;;;;
22.346588134765625;-0.043212890625;-0.00146484375;0.94384765625;;;;;;;;;;;;;;;
22.34991455078125;0.197265625;0.243408203125;0.85986328125;;;;;;;;;;;;;;;
22.353302001953125;-0.142333984375;0.317138671875;0.85498046875;;;;;;;;;;;;;;;
22.356689453125;0.088134765625;-0.032958984375;1.06494140625;;;;;;;;;;;;;;;
22.3599853515625;-0.0302734375;0.148681640625;1.255859375;;;;;;;;;;;;;;;
22.363372802734375;0.004638671875;-0.1962890625;1.026123046875;;;;;;;;;;;;;;;
22.366790771484375;-0.162353515625;0.07958984375;1.01123046875;;;;;;;;;;;;;;;
22.37017822265625;-0.189697265625;0.000244140625;0.810791015625;;;;;;;;;;;;;;;
22.373504638671875;0.0263671875;0.321044921875;1.123046875;;;;;;;;;;;;;;;
22.376983642578125;-0.09326171875;0.190185546875;1.098876953125;;;;;;;;;;;;;;;
22.38037109375;0.126220703125;0.031494140625;1.09716796875;;;;;;;;;;;;;;;
22.3837890625;-0.208740234375;0.1220703125;0.902099609375;;;;;;;;;;;;;;;
22.3870849609375;0.0908203125;-0.1220703125;0.861083984375;;;;;;;;;;;;;;;
22.39044189453125;-0.01904296875;0.318115234375;1.19775390625;;;;;;;;;;;;;;;
22.393798828125;0.021240234375;0.016845703125;1.046630859375;;;;;;;;;;;;;;;
22.397247314453125;-0.122802734375;0.316650390625;1.111572265625;;;;;;;;;;;;;;;
22.400634765625;-0.235595703125;-0.214599609375;0.774169921875;;;;;;;;;;;;;;;
22.404022216796875;0.082763671875;0.02587890625;0.98486328125;;;;;;;;;;;;;;;
22.407379150390625;-0.173828125;0.0791015625;1.103271484375;;;;;;;;;;;;;;;
22.410797119140625;0.103271484375;0.177734375;1.12548828125;;;;;;;;;;;;;;;
22.4141845703125;-0.12744140625;0.276611328125;1.122314453125;;;;;;;;;;;;;;;
22.4176025390625;0.000732421875;-0.091796875;0.806396484375;;;;;;;;;;;;;;;
22.420989990234375;-0.1025390625;0.179443359375;1.000732421875;;;;;;;;;;;;;;;
22.424346923828125;-0.04931640625;-0.020263671875;0.92626953125;;;;;;;;;;;;;;;
22.427734375;0.152099609375;0.163818359375;1.22021484375;;;;;;;;;;;;;;;
22.431121826171875;-0.09326171875;-0.0048828125;0.9921875;;;;;;;;;;;;;;;
22.434600830078125;0.11181640625;0.00146484375;1.056396484375;;;;;;;;;;;;;;;
22.437896728515625;-0.074462890625;0.31787109375;0.973388671875;;;;;;;;;;;;;;;
22.441314697265625;-0.10546875;0.047607421875;0.972412109375;;;;;;;;;;;;;;;
22.444732666015625;-0.115234375;0.167724609375;1.189697265625;;;;;;;;;;;;;;;
22.44805908203125;-0.07861328125;-0.38916015625;0.934814453125;;;;;;;;;;;;;;;
22.45147705078125;-0.0390625;0.228515625;1.04541015625;;;;;;;;;;;;;;;
22.454925537109375;-0.12841796875;-0.03173828125;0.75390625;;;;;;;;;;;;;;;
22.458251953125;0.355224609375;0.3564453125;1.16748046875;;;;;;;;;;;;;;;
22.461700439453125;-0.1689453125;0.20556640625;1.1630859375;;;;;;;;;;;;;;;
22.465087890625;-0.1337890625;-0.054443359375;1.1201171875;;;;;;;;;;;;;;;
22.468475341796875;-0.237060546875;0.11328125;1.038818359375;;;;;;;;;;;;;;;
22.471832275390625;-0.014892578125;-0.244384765625;0.839599609375;;;;;;;;;;;;;;;
22.475341796875;-0.147216796875;0.331298828125;1.11181640625;;;;;;;;;;;;;;;
22.478759765625;-0.02099609375;-0.30712890625;0.9775390625;;;;;;;;;;;;;;;
22.48223876953125;-0.02685546875;0.246826171875;1.2490234375;;;;;;;;;;;;;;;
22.4857177734375;-0.22998046875;0.005615234375;0.9990234375;;;;;;;;;;;;;;;
22.489105224609375;-0.028564453125;0.11572265625;0.986083984375;;;;;;;;;;;;;;;
22.492401123046875;-0.134033203125;0.091552734375;0.93017578125;;;;;;;;;;;;;;;
22.495819091796875;0.11865234375;-0.12060546875;1.01220703125;;;;;;;;;;;;;;;
22.499176025390625;-0.125;0.32177734375;1.13525390625;;;;;;;;;;;;;;;
22.502471923828125;0.0791015625;-0.283447265625;0.89990234375;;;;;;;;;;;;;;;
22.505767822265625;-0.358642578125;0.392333984375;1.13232421875;;;;;;;;;;;;;;;
22.509246826171875;-0.53515625;-0.21337890625;0.97998046875;;;;;;;;;;;;;;;
22.512603759765625;0.04833984375;-0.076416015625;1.263916015625;;;;;;;;;;;;;;;
22.5159912109375;0.075439453125;0.081787109375;1.01708984375;;;;;;;;;;;;;;;
22.5194091796875;0.2099609375;0.312255859375;0.91259765625;;;;;;;;;;;;;;;
22.522796630859375;-0.248291015625;0.38232421875;0.80517578125;;;;;;;;;;;;;;;
22.5262451171875;0.04052734375;-0.056884765625;0.9619140625;;;;;;;;;;;;;;;
22.529541015625;-0.138427734375;0.114013671875;1.2734375;;;;;;;;;;;;;;;
22.532928466796875;-0.023681640625;-0.3388671875;1.1171875;;;;;;;;;;;;;;;
22.536407470703125;-0.162841796875;0.027099609375;1.03759765625;;;;;;;;;;;;;;;
22.539764404296875;-0.22998046875;0.071533203125;0.752197265625;;;;;;;;;;;;;;;
22.54315185546875;-0.02783203125;0.409423828125;1.082275390625;;;;;;;;;;;;;;;
22.546539306640625;-0.07861328125;0.200439453125;1.11962890625;;;;;;;;;;;;;;;
22.54998779296875;0.103515625;0.061767578125;1.127685546875;;;;;;;;;;;;;;;
22.553436279296875;-0.271240234375;0.17138671875;0.914794921875;;;;;;;;;;;;;;;
22.5567626953125;-0.141357421875;-0.26806640625;0.827392578125;;;;;;;;;;;;;;;
22.560089111328125;-0.060302734375;0.330810546875;1.1455078125;;;;;;;;;;;;;;;
22.56341552734375;-0.029052734375;-0.052978515625;1.003662109375;;;;;;;;;;;;;;;
22.566802978515625;0.0703125;0.333984375;1.18603515625;;;;;;;;;;;;;;;
22.57012939453125;-0.23095703125;0.23193359375;0.815673828125;;;;;;;;;;;;;;;
22.573516845703125;-0.039794921875;0.12451171875;0.965576171875;;;;;;;;;;;;;;;
22.576904296875;-0.221435546875;0.05615234375;1.023193359375;;;;;;;;;;;;;;;
22.580322265625;0.164306640625;-0.276123046875;1.107666015625;;;;;;;;;;;;;;;
22.583648681640625;-0.009033203125;0.2216796875;1.14501953125;;;;;;;;;;;;;;;
22.587005615234375;-0.02587890625;-0.091796875;0.8388671875;;;;;;;;;;;;;;;
22.590423583984375;-0.162109375;0.414306640625;1.02587890625;;;;;;;;;;;;;;;
22.59375;-0.17529296875;-0.093505859375;0.911376953125;;;;;;;;;;;;;;;
22.597137451171875;0.012451171875;0.19970703125;1.247802734375;;;;;;;;;;;;;;;
22.600555419921875;-0.07763671875;0.072998046875;0.9990234375;;;;;;;;;;;;;;;
22.6038818359375;0.152587890625;0.046142578125;0.886962890625;;;;;;;;;;;;;;;
22.6072998046875;-0.12353515625;0.318115234375;0.949462890625;;;;;;;;;;;;;;;
22.6107177734375;-0.13037109375;0.0556640625;0.93505859375;;;;;;;;;;;;;;;
22.614044189453125;-0.168701171875;0.143310546875;1.261474609375;;;;;;;;;;;;;;;
22.617431640625;0.041015625;-0.4990234375;0.99609375;;;;;;;;;;;;;;;
22.620758056640625;-0.169921875;0.155517578125;1.087646484375;;;;;;;;;;;;;;;
22.624114990234375;-0.209716796875;-0.031982421875;0.796875;;;;;;;;;;;;;;;
22.627532958984375;0.18408203125;0.495361328125;1.135986328125;;;;;;;;;;;;;;;
22.630828857421875;-0.377197265625;0.33251953125;1.11279296875;;;;;;;;;;;;;;;
22.63427734375;0.063232421875;-0.1669921875;1.007080078125;;;;;;;;;;;;;;;
22.6376953125;-0.248779296875;0.0654296875;1.03173828125;;;;;;;;;;;;;;;
22.6409912109375;0.043701171875;-0.41748046875;0.82177734375;;;;;;;;;;;;;;;
22.644378662109375;-0.279052734375;0.422607421875;1.14404296875;;;;;;;;;;;;;;;
22.647735595703125;-0.2177734375;-0.170166015625;0.991943359375;;;;;;;;;;;;;;;
22.65106201171875;-0.02392578125;0.376220703125;1.270751953125;;;;;;;;;;;;;;;
22.654388427734375;-0.27734375;-0.063232421875;0.92724609375;;;;;;;;;;;;;;;
22.657745361328125;0.0693359375;0.03955078125;0.891845703125;;;;;;;;;;;;;;;
22.6612548828125;-0.221435546875;0.169189453125;0.916015625;;;;;;;;;;;;;;;
22.66461181640625;0.1669921875;-0.14404296875;1.074462890625;;;;;;;;;;;;;;;
22.667938232421875;-0.19287109375;0.340576171875;1.165771484375;;;;;;;;;;;;;;;
22.67132568359375;0.057861328125;-0.281494140625;0.90869140625;;;;;;;;;;;;;;;
22.674774169921875;-0.057373046875;0.329833984375;1.085693359375;;;;;;;;;;;;;;;
22.678131103515625;-0.536376953125;0.096923828125;0.804443359375;;;;;;;;;;;;;;;
22.681549072265625;0.319580078125;0.060302734375;1.3037109375;;;;;;;;;;;;;;;
22.684906005859375;-0.1552734375;0.142578125;1.046630859375;;;;;;;;;;;;;;;
22.688232421875;0.257568359375;-0.1337890625;0.993408203125;;;;;;;;;;;;;;;
22.691680908203125;-0.339111328125;0.2939453125;0.803466796875;;;;;;;;;;;;;;;
22.69500732421875;-0.158935546875;-0.0908203125;0.866943359375;;;;;;;;;;;;;;;
22.698394775390625;-0.0498046875;0.263427734375;1.217041015625;;;;;;;;;;;;;;;
22.7017822265625;-0.037353515625;-0.245361328125;1.016845703125;;;;;;;;;;;;;;;
22.705230712890625;0.122802734375;0.160400390625;1.101318359375;;;;;;;;;;;;;;;
22.70867919921875;-0.233642578125;0.165771484375;0.75830078125;;;;;;;;;;;;;;;
22.712066650390625;0.09716796875;0.364990234375;0.9736328125;;;;;;;;;;;;;;;
22.7154541015625;-0.187744140625;0.159912109375;1.04150390625;;;;;;;;;;;;;;;
22.718902587890625;0.24951171875;-0.219482421875;1.19091796875;;;;;;;;;;;;;;;
22.722259521484375;-0.341552734375;0.15283203125;1.082275390625;;;;;;;;;;;;;;;
22.725738525390625;-0.22314453125;-0.148193359375;0.71142578125;;;;;;;;;;;;;;;
22.729095458984375;0.22802734375;0.22998046875;1.160888671875;;;;;;;;;;;;;;;
22.732452392578125;-0.10693359375;0.075927734375;0.99755859375;;;;;;;;;;;;;;;
22.73583984375;0.173583984375;0.264892578125;1.225341796875;;;;;;;;;;;;;;;
22.739227294921875;-0.30615234375;0.218505859375;0.818359375;;;;;;;;;;;;;;;
22.74261474609375;0.04833984375;0.174560546875;0.8994140625;;;;;;;;;;;;;;;
22.74603271484375;-0.3193359375;0.052734375;0.965087890625;;;;;;;;;;;;;;;
22.749420166015625;0.287353515625;-0.260009765625;1.0966796875;;;;;;;;;;;;;;;
22.7528076171875;0.18017578125;0.31005859375;1.291015625;;;;;;;;;;;;;;;
22.756256103515625;-0.00537109375;-0.040771484375;0.86181640625;;;;;;;;;;;;;;;
22.75958251953125;-0.169677734375;0.4384765625;1.044189453125;;;;;;;;;;;;;;;
22.762939453125;-0.339599609375;-0.104248046875;0.844482421875;;;;;;;;;;;;;;;
22.766265869140625;0.044921875;0.24169921875;1.1611328125;;;;;;;;;;;;;;;
22.76971435546875;-0.074951171875;0.041259765625;1.028564453125;;;;;;;;;;;;;;;
22.77313232421875;0.0615234375;0.0712890625;0.980224609375;;;;;;;;;;;;;;;
22.7764892578125;-0.292236328125;0.260986328125;0.93359375;;;;;;;;;;;;;;;
22.779937744140625;-0.063232421875;0.104736328125;0.851806640625;;;;;;;;;;;;;;;
22.783447265625;-0.120849609375;0.161376953125;1.2431640625;;;;;;;;;;;;;;;
22.78680419921875;0.108642578125;-0.07763671875;1.018310546875;;;;;;;;;;;;;;;
22.790191650390625;-0.096435546875;0.1943359375;1.0927734375;;;;;;;;;;;;;;;
22.793670654296875;-0.198486328125;-0.094482421875;0.761962890625;;;;;;;;;;;;;;;
22.79705810546875;0.16845703125;0.12890625;1.0673828125;;;;;;;;;;;;;;;
22.800445556640625;-0.224609375;0.338134765625;1.078857421875;;;;;;;;;;;;;;;
22.8038330078125;0.029541015625;-0.107177734375;1.091064453125;;;;;;;;;;;;;;;
22.80718994140625;-0.35546875;0.183837890625;1.01416015625;;;;;;;;;;;;;;;
22.810516357421875;0.174072265625;-0.4140625;0.6982421875;;;;;;;;;;;;;;;
22.813873291015625;0.022216796875;0.397216796875;1.03759765625;;;;;;;;;;;;;;;
22.817230224609375;0.00341796875;0.042724609375;0.96728515625;;;;;;;;;;;;;;;
22.820648193359375;0.0068359375;0.362060546875;1.2275390625;;;;;;;;;;;;;;;
22.824066162109375;-0.283935546875;-0.057861328125;1.012939453125;;;;;;;;;;;;;;;
22.827545166015625;0.06982421875;-0.131591796875;0.86962890625;;;;;;;;;;;;;;;
22.8309326171875;-0.011474609375;0.125244140625;1.013427734375;;;;;;;;;;;;;;;
22.834228515625;0.163818359375;0.03857421875;1.02099609375;;;;;;;;;;;;;;;
22.837615966796875;0.045166015625;0.389404296875;1.183837890625;;;;;;;;;;;;;;;
22.840972900390625;0.000732421875;-0.1513671875;0.871826171875;;;;;;;;;;;;;;;
22.844329833984375;-0.09912109375;0.247802734375;1.058349609375;;;;;;;;;;;;;;;
22.847747802734375;-0.37451171875;0.040771484375;0.8388671875;;;;;;;;;;;;;;;
22.851165771484375;0.240234375;-0.017822265625;1.109375;;;;;;;;;;;;;;;
22.854583740234375;-0.044921875;0.121826171875;1.0556640625;;;;;;;;;;;;;;;
22.857940673828125;0.19482421875;-0.184814453125;1.06298828125;;;;;;;;;;;;;;;
22.861297607421875;-0.20654296875;0.383056640625;0.913818359375;;;;;;;;;;;;;;;
22.86468505859375;-0.01513671875;-0.106689453125;0.844970703125;;;;;;;;;;;;;;;
22.868011474609375;-0.031494140625;0.306884765625;1.205322265625;;;;;;;;;;;;;;;
22.871337890625;-0.329345703125;-0.31787109375;1.023193359375;;;;;;;;;;;;;;;
22.87481689453125;0.211669921875;0.13525390625;1.168212890625;;;;;;;;;;;;;;;
22.878173828125;-0.18505859375;0.11767578125;0.779052734375;;;;;;;;;;;;;;;
22.881561279296875;0.202392578125;0.416748046875;0.920654296875;;;;;;;;;;;;;;;
22.8848876953125;0.01318359375;0.150634765625;1.056396484375;;;;;;;;;;;;;;;
22.88824462890625;0.111572265625;-0.273681640625;1.1630859375;;;;;;;;;;;;;;;
22.891571044921875;-0.181640625;0.174072265625;1.091552734375;;;;;;;;;;;;;;;
22.894927978515625;-0.073974609375;-0.247314453125;0.74658203125;;;;;;;;;;;;;;;
22.898284912109375;0.20458984375;0.2734375;1.136962890625;;;;;;;;;;;;;;;
22.901611328125;-0.07763671875;-0.00634765625;0.9990234375;;;;;;;;;;;;;;;
22.904998779296875;0.03759765625;0.175537109375;1.239013671875;;;;;;;;;;;;;;;
22.908477783203125;-0.242919921875;0.13232421875;0.86572265625;;;;;;;;;;;;;;;
22.911895751953125;0.225830078125;0.127685546875;0.860595703125;;;;;;;;;;;;;;;
22.915374755859375;-0.020751953125;0.191162109375;0.954345703125;;;;;;;;;;;;;;;
22.9188232421875;0.1630859375;-0.042236328125;0.914306640625;;;;;;;;;;;;;;;
22.922210693359375;0.510986328125;0.25439453125;1.39111328125;;;;;;;;;;;;;;;
22.925567626953125;-0.319580078125;0.033203125;0.92578125;;;;;;;;;;;;;;;
22.928924560546875;-0.142822265625;0.271728515625;0.96533203125;;;;;;;;;;;;;;;
22.932373046875;-0.304931640625;-0.230224609375;0.775146484375;;;;;;;;;;;;;;;
22.935699462890625;0.21875;0.050048828125;1.168212890625;;;;;;;;;;;;;;;
22.939117431640625;-0.079833984375;0.100341796875;1.184814453125;;;;;;;;;;;;;;;
22.94244384765625;-0.003173828125;0.170166015625;0.98486328125;;;;;;;;;;;;;;;
22.945831298828125;-0.0634765625;0.2626953125;0.984619140625;;;;;;;;;;;;;;;
22.949249267578125;-0.158203125;0.0537109375;0.81689453125;;;;;;;;;;;;;;;
22.952606201171875;-0.006103515625;0.119140625;1.214111328125;;;;;;;;;;;;;;;
22.9560546875;0.01171875;-0.196533203125;1.041259765625;;;;;;;;;;;;;;;
22.959381103515625;-0.09033203125;0.24462890625;1.138671875;;;;;;;;;;;;;;;
22.962738037109375;-0.345458984375;-0.200439453125;0.736328125;;;;;;;;;;;;;;;
22.966094970703125;0.35546875;0.181396484375;1.09375;;;;;;;;;;;;;;;
22.96942138671875;0.24560546875;0.359130859375;1.273681640625;;;;;;;;;;;;;;;
22.97271728515625;-0.197998046875;-0.086181640625;1.039794921875;;;;;;;;;;;;;;;
22.976043701171875;-0.277587890625;0.148193359375;1.102294921875;;;;;;;;;;;;;;;
22.9794921875;-0.3486328125;-0.47314453125;0.741455078125;;;;;;;;;;;;;;;
22.982879638671875;0.018310546875;0.317626953125;1.0263671875;;;;;;;;;;;;;;;
22.986297607421875;-0.1162109375;-0.087890625;0.966796875;;;;;;;;;;;;;;;
22.9896240234375;0.1513671875;0.39404296875;1.228271484375;;;;;;;;;;;;;;;
22.99310302734375;-0.241455078125;0.30859375;1.0244140625;;;;;;;;;;;;;;;
22.99652099609375;0.162841796875;-0.04638671875;0.951171875;;;;;;;;;;;;;;;
22.999908447265625;-0.046875;0.076904296875;0.99951171875;;;;;;;;;;;;;;;
23.003326416015625;0.04931640625;-0.3623046875;0.9990234375;;;;;;;;;;;;;;;
23.006683349609375;-0.0380859375;0.2763671875;1.171875;;;;;;;;;;;;;;;
23.0101318359375;-0.10546875;-0.298095703125;0.9208984375;;;;;;;;;;;;;;;
23.013519287109375;0.0126953125;0.277587890625;1.056884765625;;;;;;;;;;;;;;;
23.016937255859375;-0.2685546875;0.05078125;0.91943359375;;;;;;;;;;;;;;;
23.02032470703125;0.22314453125;0.18359375;1.09130859375;;;;;;;;;;;;;;;
23.023712158203125;0.134033203125;0.08740234375;1.140869140625;;;;;;;;;;;;;;;
23.027069091796875;-0.070556640625;-0.075927734375;0.9794921875;;;;;;;;;;;;;;;
23.030517578125;-0.169189453125;0.292236328125;0.927490234375;;;;;;;;;;;;;;;
23.033843994140625;-0.04931640625;-0.166748046875;0.838134765625;;;;;;;;;;;;;;;
23.037322998046875;-0.135498046875;0.32763671875;1.276123046875;;;;;;;;;;;;;;;
23.04071044921875;-0.1591796875;-0.30517578125;1.09033203125;;;;;;;;;;;;;;;
23.044097900390625;0.029541015625;-0.0595703125;1.21923828125;;;;;;;;;;;;;;;
23.04754638671875;-0.16455078125;0.108154296875;0.791748046875;;;;;;;;;;;;;;;
23.0509033203125;0.2353515625;0.468017578125;0.936767578125;;;;;;;;;;;;;;;
23.054351806640625;-0.153564453125;0.426513671875;0.99267578125;;;;;;;;;;;;;;;
23.057769775390625;0.09423828125;-0.228759765625;1.048095703125;;;;;;;;;;;;;;;
23.061126708984375;-0.196044921875;0.10009765625;1.1689453125;;;;;;;;;;;;;;;
23.06451416015625;-0.13818359375;-0.394287109375;0.7890625;;;;;;;;;;;;;;;
23.067901611328125;0.060546875;0.259033203125;1.039306640625;;;;;;;;;;;;;;;
23.0712890625;-0.092529296875;0.067138671875;0.962890625;;;;;;;;;;;;;;;
23.07464599609375;-0.006591796875;0.2294921875;1.244873046875;;;;;;;;;;;;;;;
23.078033447265625;-0.265869140625;0.191162109375;0.96142578125;;;;;;;;;;;;;;;
23.081390380859375;0.11083984375;0.07568359375;0.9326171875;;;;;;;;;;;;;;;
23.084747314453125;-0.1318359375;0.132568359375;0.86865234375;;;;;;;;;;;;;;;
23.088134765625;0.00244140625;-0.081787109375;0.912109375;;;;;;;;;;;;;;;
23.09149169921875;0.390380859375;0.327392578125;1.38916015625;;;;;;;;;;;;;;;
23.094818115234375;-0.240234375;-0.001708984375;0.98046875;;;;;;;;;;;;;;;
23.0982666015625;0.107666015625;0.284912109375;1.016357421875;;;;;;;;;;;;;;;
23.1016845703125;-0.350341796875;0.204833984375;0.732666015625;;;;;;;;;;;;;;;
23.10504150390625;0.15771484375;0.1123046875;1.15576171875;;;;;;;;;;;;;;;
23.108428955078125;0.1376953125;0.0986328125;1.18603515625;;;;;;;;;;;;;;;
23.111846923828125;-0.052734375;-0.176513671875;1.043212890625;;;;;;;;;;;;;;;
23.11529541015625;-0.08740234375;0.2568359375;1.011474609375;;;;;;;;;;;;;;;
23.118621826171875;-0.24755859375;-0.130859375;0.810546875;;;;;;;;;;;;;;;
23.121978759765625;-0.0234375;0.309814453125;1.154541015625;;;;;;;;;;;;;;;
23.125274658203125;0.09375;-0.2666015625;0.977783203125;;;;;;;;;;;;;;;
23.128662109375;0.0341796875;0.41455078125;1.170654296875;;;;;;;;;;;;;;;
23.13201904296875;-0.190673828125;0.08837890625;0.7783203125;;;;;;;;;;;;;;;
23.13531494140625;0.16796875;0.27783203125;0.903076171875;;;;;;;;;;;;;;;
23.13873291015625;-0.1806640625;0.185791015625;1.19580078125;;;;;;;;;;;;;;;
23.14208984375;-0.232666015625;-0.16064453125;1.05615234375;;;;;;;;;;;;;;;
23.145477294921875;-0.192138671875;0.0693359375;1.20654296875;;;;;;;;;;;;;;;
23.1488037109375;-0.15478515625;-0.351806640625;0.75537109375;;;;;;;;;;;;;;;
23.1522216796875;-0.1064453125;0.3818359375;1.001953125;;;;;;;;;;;;;;;
23.15557861328125;-0.370849609375;-0.00146484375;1.01611328125;;;;;;;;;;;;;;;
23.159027099609375;0.1552734375;0.3447265625;1.260009765625;;;;;;;;;;;;;;;
23.162445068359375;-0.10498046875;0.283935546875;1.139892578125;;;;;;;;;;;;;;;
23.165863037109375;-0.002685546875;-0.123291015625;0.77783203125;;;;;;;;;;;;;;;
23.169342041015625;-0.19482421875;0.028564453125;0.93701171875;;;;;;;;;;;;;;;
23.1727294921875;-0.041259765625;-0.35546875;0.93359375;;;;;;;;;;;;;;;
23.176116943359375;-0.04296875;0.347412109375;1.25048828125;;;;;;;;;;;;;;;
23.179473876953125;-0.0302734375;-0.24658203125;0.978271484375;;;;;;;;;;;;;;;
23.18280029296875;-0.062744140625;0.387939453125;1.087890625;;;;;;;;;;;;;;;
23.186187744140625;-0.262939453125;-0.04296875;0.91064453125;;;;;;;;;;;;;;;
23.18951416015625;-0.018798828125;0.135986328125;1.079345703125;;;;;;;;;;;;;;;
23.19293212890625;-0.054931640625;-0.06396484375;1.0419921875;;;;;;;;;;;;;;;
23.196319580078125;0.131103515625;0.0078125;1.001953125;;;;;;;;;;;;;;;
23.199676513671875;-0.152099609375;0.331787109375;0.968994140625;;;;;;;;;;;;;;;
23.203125;-0.030517578125;-0.17041015625;0.849365234375;;;;;;;;;;;;;;;
23.206451416015625;-0.074462890625;0.35009765625;1.21484375;;;;;;;;;;;;;;;
23.20989990234375;-0.090576171875;0.023193359375;1.058349609375;;;;;;;;;;;;;;;
23.2132568359375;0.070556640625;0.07470703125;1.247802734375;;;;;;;;;;;;;;;
23.216644287109375;-0.21435546875;-0.0048828125;0.822509765625;;;;;;;;;;;;;;;
23.220123291015625;0.145751953125;0.060302734375;0.922607421875;;;;;;;;;;;;;;;
23.22357177734375;-0.228271484375;0.360107421875;1.10009765625;;;;;;;;;;;;;;;
23.226959228515625;0.112060546875;-0.155517578125;1.091552734375;;;;;;;;;;;;;;;
23.230499267578125;-0.17431640625;0.346923828125;1.174072265625;;;;;;;;;;;;;;;
23.233917236328125;0.05908203125;-0.32080078125;0.838134765625;;;;;;;;;;;;;;;
23.237335205078125;0.100830078125;0.173095703125;1.04541015625;;;;;;;;;;;;;;;
23.240692138671875;-0.146484375;0.09423828125;0.893310546875;;;;;;;;;;;;;;;
23.244049072265625;-0.031494140625;0.39501953125;1.18212890625;;;;;;;;;;;;;;;
23.247467041015625;-0.2138671875;0.14208984375;0.974609375;;;;;;;;;;;;;;;
23.250885009765625;0.14208984375;-0.1708984375;1.01513671875;;;;;;;;;;;;;;;
23.25421142578125;-0.27880859375;0.128173828125;1.009033203125;;;;;;;;;;;;;;;
23.257598876953125;-0.08935546875;-0.046875;0.900390625;;;;;;;;;;;;;;;
23.260955810546875;0.1044921875;0.092529296875;1.2919921875;;;;;;;;;;;;;;;
23.264312744140625;0.0029296875;-0.01904296875;0.975341796875;;;;;;;;;;;;;;;
23.267669677734375;0.044189453125;0.34716796875;1.02685546875;;;;;;;;;;;;;;;
23.27099609375;-0.306640625;0.2216796875;0.718017578125;;;;;;;;;;;;;;;
23.274383544921875;-0.0068359375;0.224853515625;1.048095703125;;;;;;;;;;;;;;;
23.27777099609375;-0.102294921875;0.00830078125;1.150390625;;;;;;;;;;;;;;;
23.2811279296875;0.1484375;-0.24853515625;1.1259765625;;;;;;;;;;;;;;;
23.28448486328125;-0.102294921875;0.29052734375;1.0712890625;;;;;;;;;;;;;;;
23.287811279296875;-0.21142578125;-0.11376953125;0.791259765625;;;;;;;;;;;;;;;
23.291229248046875;-0.108154296875;0.37939453125;1.087890625;;;;;;;;;;;;;;;
23.29473876953125;-0.077880859375;-0.262451171875;0.98681640625;;;;;;;;;;;;;;;
23.298095703125;0.047607421875;0.124267578125;1.1708984375;;;;;;;;;;;;;;;
23.301483154296875;-0.152099609375;0.10888671875;0.84130859375;;;;;;;;;;;;;;;
23.30487060546875;0.267333984375;0.173095703125;0.91748046875;;;;;;;;;;;;;;;
23.308197021484375;-0.32666015625;0.37353515625;1.113525390625;;;;;;;;;;;;;;;
23.3116455078125;-0.1015625;-0.235595703125;1.041748046875;;;;;;;;;;;;;;;
23.314971923828125;-0.228759765625;0.12158203125;1.20849609375;;;;;;;;;;;;;;;
23.318359375;-0.019775390625;-0.328857421875;0.849853515625;;;;;;;;;;;;;;;
23.32177734375;-0.16259765625;0.4609375;0.986328125;;;;;;;;;;;;;;;
23.32513427734375;-0.26123046875;-0.024658203125;0.91796875;;;;;;;;;;;;;;;
23.3284912109375;0.1767578125;0.24853515625;1.27099609375;;;;;;;;;;;;;;;
23.331939697265625;-0.27490234375;0.178466796875;1.240478515625;;;;;;;;;;;;;;;
23.335235595703125;-0.18017578125;-0.2451171875;0.8505859375;;;;;;;;;;;;;;;
23.33868408203125;-0.17724609375;0.089111328125;0.890380859375;;;;;;;;;;;;;;;
23.34210205078125;0.066650390625;-0.21923828125;0.90380859375;;;;;;;;;;;;;;;
23.345428466796875;-0.052001953125;0.43603515625;1.20458984375;;;;;;;;;;;;;;;
23.348785400390625;0.07763671875;-0.050537109375;1.02783203125;;;;;;;;;;;;;;;
23.3521728515625;-0.141845703125;0.43701171875;1.0849609375;;;;;;;;;;;;;;;
23.355499267578125;-0.500732421875;-0.255615234375;0.851806640625;;;;;;;;;;;;;;;
23.35888671875;0.099609375;-0.03369140625;1.025390625;;;;;;;;;;;;;;;
23.36224365234375;-0.00390625;-0.006103515625;1.157958984375;;;;;;;;;;;;;;;
23.3656005859375;0.242431640625;0.186279296875;1.0693359375;;;;;;;;;;;;;;;
23.36895751953125;-0.180908203125;0.384765625;0.97265625;;;;;;;;;;;;;;;
23.372314453125;-0.141357421875;-0.134521484375;0.76953125;;;;;;;;;;;;;;;
23.375701904296875;-0.111083984375;0.25634765625;1.150390625;;;;;;;;;;;;;;;
23.3790283203125;-0.260498046875;-0.09716796875;1.00048828125;;;;;;;;;;;;;;;
23.38238525390625;0.045166015625;-0.050048828125;1.150146484375;;;;;;;;;;;;;;;
23.385772705078125;-0.290283203125;0.05224609375;0.844482421875;;;;;;;;;;;;;;;
23.389190673828125;0.243896484375;0.11279296875;0.913330078125;;;;;;;;;;;;;;;
23.392608642578125;-0.090576171875;0.35498046875;1.033203125;;;;;;;;;;;;;;;
23.396026611328125;0.1171875;-0.21142578125;1.104248046875;;;;;;;;;;;;;;;
23.39947509765625;-0.093017578125;0.326416015625;1.16357421875;;;;;;;;;;;;;;;
23.40283203125;-0.10107421875;-0.332275390625;0.87744140625;;;;;;;;;;;;;;;
23.40618896484375;-0.016845703125;0.123291015625;1.049560546875;;;;;;;;;;;;;;;
23.4095458984375;-0.208740234375;0.14306640625;0.8505859375;;;;;;;;;;;;;;;
23.412933349609375;0.081298828125;0.356201171875;1.140869140625;;;;;;;;;;;;;;;
23.416259765625;-0.051025390625;0.356689453125;1.02490234375;;;;;;;;;;;;;;;
23.419708251953125;0.0537109375;-0.177978515625;0.902587890625;;;;;;;;;;;;;;;
23.423126220703125;-0.257080078125;0.11474609375;0.951171875;;;;;;;;;;;;;;;
23.426544189453125;-0.037109375;-0.209716796875;0.8564453125;;;;;;;;;;;;;;;
23.429840087890625;0.11328125;0.23681640625;1.280517578125;;;;;;;;;;;;;;;
23.43328857421875;0.091552734375;-0.103271484375;1.012939453125;;;;;;;;;;;;;;;
23.436676025390625;-0.049072265625;0.395751953125;1.08935546875;;;;;;;;;;;;;;;
23.440093994140625;-0.252685546875;0.018310546875;0.800537109375;;;;;;;;;;;;;;;
